pl_name,hostname,ra,dec,sy_dist,pl_rade,pl_bmasse,pl_orbsmax
14 Her b,14 Her,242.6021014,43.8163621,17.9323,,1774.1935064244444,2.8174444444444444
16 Cyg B b,16 Cyg B,295.4656422,50.5168243,21.1397,,533.5145281766667,1.6628333333333334
2MASS J01225093-2439505 b,2MASS J01225093-2439505,20.7128012,-24.6646128,33.8281,11.209,7786.5,52.0
2MASS J12073346-3932539 b,2MASS J12073346-3932539,181.8890906,-39.5484399,64.308,15.69257298,1504.2859054666667,50.5
2MASS J21252752-8138278 b,2MASS J21252752-8138278,321.3662989,-81.6414894,34.1154,,3813.940884,7493.0
2MASS J22501512+2325342 b,2MASS J22501512+2325342,342.5634097,23.4259058,57.2309,,9534.85221,518.0
47 UMa b,47 UMa,164.8647611,40.4304931,13.7967,,808.8531927116668,2.097166666666667
47 UMa c,47 UMa,164.8647611,40.4304931,13.7967,,229.86292957,4.54675
47 UMa d,47 UMa,164.8647611,40.4304931,13.7967,,500.570447285,12.7
51 Eri b,51 Eri,69.4007424,-2.4738245,29.7575,,1801.0287016666668,12.4
51 Peg b,51 Peg,344.3675399,20.7690958,15.461400000000001,,148.36025617,0.052262499999999996
55 Cnc B b,55 Cnc B,133.167908,28.3152863,12.4773,,3.5,0.044
55 Cnc B c,55 Cnc B,133.167908,28.3152863,12.4773,,5.3,0.13
55 Cnc b,55 Cnc,133.1468373,28.3298154,12.5855,,262.35516502071425,0.11404408928571429
55 Cnc c,55 Cnc,133.1468373,28.3298154,12.5855,,54.95810676,0.2391826
55 Cnc d,55 Cnc,133.1468373,28.3298154,12.585500000000001,,1137.1788515633334,5.57525
55 Cnc e,55 Cnc,133.1468373,28.3298154,12.5855,1.9681112129999998,8.664737200666668,0.019006146692307692
55 Cnc f,55 Cnc,133.1468373,28.3298154,12.5855,,46.737643336666665,0.7780111111111112
6 Lyn b,6 Lyn,97.6960311,58.1611753,54.6599,,675.4694583925,2.1295
61 Vir b,61 Vir,199.596455,-18.3157745,8.50332,,5.339012449999999,0.049690333333333336
61 Vir c,61 Vir,199.596455,-18.3157745,8.50332,,17.38463341,0.21550000000000002
61 Vir d,61 Vir,199.596455,-18.3157745,8.50332,,16.91,0.47185
7 CMa b,7 CMa,99.171276,-19.2561808,19.8101,,703.161825,1.847
7 CMa c,7 CMa,99.171276,-19.2561808,19.8101,,283.20605,2.1790000000000003
70 Vir b,70 Vir,202.1064898,13.7763085,17.9011,,2315.677210435,0.47641666666666665
91 Aqr b,91 Aqr,348.9745031,-9.0878076,44.0304,,1017.0,0.7
AB Pic b,AB Pic,94.8039208,-58.0541184,50.0475,,4290.5,260.0
AF Lep b,AF Lep,81.7699216,-11.9011752,26.8564,,1276.843842282,8.7392
AU Mic b,AU Mic,311.2911369,-31.342450000000003,9.7221,4.1458838775,18.552425,0.0662625
AU Mic c,AU Mic,311.2911369,-31.34245,9.7221,2.780404132,14.276666666666666,0.10988333333333333
AU Mic d,AU Mic,311.2911369,-31.34245,9.7221,,1.053,
AU Mic e,AU Mic,311.2911369,-31.34245,9.7221,,28.150000000000002,
BD+05 4868 A b,BD+05 4868 A,326.8614036,6.6053185,43.5687,,6.2,0.0208
BD+14 4559 b,BD+14 4559,318.4010002,14.6893834,49.352,,398.8666,0.7785
BD+45 564 b,BD+45 564,32.9470485,45.9242187,53.622,,432.24663352,0.83
BD+55 362 b,BD+55 362,23.9636676,56.6982282,52.5697,,228.83645304,0.78
BD+60 1417 b,BD+60 1417,190.8875453,60.0143636,44.9543,14.68376472,4767.426105,1662.0
BD+63 1405 b,BD+63 1405,271.3979337,63.6700064,38.0473,,2282.00796226,2.0875000000000004
BD-06 1339 b,BD-06 1339,88.2511811,-5.9963378,20.2695,,765.76686317,0.0428
BD-06 1339 c,BD-06 1339,88.2511811,-5.9963378,20.2695,,53.0,0.435
BD-08 2823 b,BD-08 2823,150.1971964,-9.5165689,41.3342,,991.86911058,0.057999999999999996
BD-08 2823 c,BD-08 2823,150.1971964,-9.5165689,41.3342,,104.0,0.68
BD-11 4672 b,BD-11 4672,278.3688659,-11.6370481,27.1665,,187.51475,2.32
BD-11 4672 c,BD-11 4672,278.3688659,-11.6370481,27.1665,,15.37,0.3
BD-17 63 b,BD-17 63,7.1413494,-16.2273254,34.4603,,1383.343057555,1.34
BD-210397 b,BD-210397,33.3024198,-21.1962147,23.7324,,214.0,2.63
BD-210397 c,BD-210397,33.3024198,-21.1962147,23.7324,,1235.08977763,5.920000000000001
Barnard b,Barnard's star,269.4486144,4.7379808,1.82655,,0.3345,0.02292
Barnard c,Barnard's star,269.4486144,4.7379808,1.82655,,0.335,0.0274
Barnard d,Barnard's star,269.4486144,4.7379808,1.82655,,0.263,0.0188
Barnard e,Barnard's star,269.4486144,4.7379808,1.82655,,0.193,0.0381
CD Cet b,CD Cet,48.3530155,4.7751881,8.60715,,3.95,0.0185
CD-35 2722 b,CD-35 2722,92.3300147,-35.8255375,22.3896,17.37392009,9614.30931175,67.0
COCONUTS-2 b,COCONUTS-2 A,117.300914,-76.702696,10.8864,12.44196858,2272.4731100500003,7506.0
CWISEP J193518.59-154620.3 b,CWISEP J193518.59-154620.3,293.8262172,-15.7725727,14.43,,4926.3403085,2.48
DE CVn b,DE CVn,201.7207198,45.5455449,30.5225,,3823.27330161,5.75
DMPP-1 b,DMPP-1,86.7761233,-10.6303217,62.5388,,20.535,0.14425
DMPP-1 c,DMPP-1,86.7761233,-10.6303217,62.5388,,10.27,0.0853
DMPP-1 d,DMPP-1,86.7761233,-10.6303217,62.5388,,4.035,0.043435
DMPP-1 e,DMPP-1,86.7761233,-10.6303217,62.5388,,4.13,0.0651
DMPP-3 A b,DMPP-3 A,91.62437240000001,-72.51321176666666,45.783899999999996,,2.61,0.06399333333333333
DMPP-4 b,DMPP-4,293.5826648,51.2358069,25.3284,,12.2,0.04853
DMPP-6 b,DMPP-6,120.3857827,-70.0234291,54.6303,,5.8,0.0779
DMPP-6 c,DMPP-6,120.3857827,-70.0234291,54.6303,,13.47,0.2206
DS Tuc A b,DS Tuc A,354.9154673,-69.196043,44.0622,5.835256053333333,413.179,
G 192-15 b,G 192-15,90.6220931,49.861939,9.53114,,1.03,0.01723
G 192-15 c,G 192-15,90.6220931,49.861939,9.53114,,14.3,1.137
G 196-3 b,G 196-3,151.0884754,50.3861806,21.7912,,8263.538582,350.0
G 261-6 b,G 261-6,291.07432,75.5558405,10.6267,,1.37,0.02971
G 264-012 b,G 264-012,326.6719598,66.803848,16.009,,2.5,0.02279
G 264-012 c,G 264-012,326.6719598,66.803848,16.009,,3.75,0.0525
G 9-40 b,G 9-40,134.7188514,21.0747961,27.9276,1.9952699999999999,7.85,0.04015
GJ 1002 b,GJ 1002,1.6764641,-7.5462123,4.84867,,1.08,0.0457
GJ 1002 c,GJ 1002,1.6764641,-7.5462123,4.84867,,1.36,0.0738
GJ 1061 b,GJ 1061,54.0032486,-44.5143104,3.67278,,1.2400000000000002,0.021
GJ 1061 c,GJ 1061,54.0032486,-44.5143104,3.67278,,1.775,0.034600000000000006
GJ 1061 d,GJ 1061,54.0032486,-44.5143104,3.67278,,1.6549999999999998,0.054
GJ 1132 b,GJ 1132,153.7090696,-47.1549358,12.613,1.2060135116666666,1.677841365,0.015443333333333331
GJ 1132 c,GJ 1132,153.7090696,-47.1549358,12.613,,2.64,0.0476
GJ 1148 b,GJ 1148,175.4326081,42.7515862,11.0143,,99.71774332333332,0.16603533333333334
GJ 1148 c,GJ 1148,175.4326081,42.7515862,11.0143,,75.34769291,0.9211
GJ 1151 c,GJ 1151,177.7304866,48.3732334,8.03625,,10.62,0.5714
GJ 1214 b,GJ 1214,258.8313991,4.9606795,14.6427,2.656676222222222,6.9487501428571425,0.014686666666666667
GJ 1252 b,GJ 1252,306.9286462,-56.4622865,20.373,1.228628015,1.5766666666666669,0.009155
GJ 1265 b,GJ 1265,333.4324675,-17.6870623,10.2525,,7.4,0.026
GJ 1289 b,GJ 1289,355.7813464,36.5363314,8.35147,,6.27,0.27
GJ 143 b,GJ 143,51.7501882,-63.500166,16.32,2.6523128700000003,26.665,0.19235000000000002
GJ 15 A b,GJ 15 A,4.6126677,44.0247296,3.56228,,4.604955253333333,0.07229999999999999
GJ 15 A c,GJ 15 A,4.6126677,44.0247296,3.56228,,36.0,5.4
GJ 160.2 b,GJ 160.2,61.6454173,-20.8564724,25.8557,,10.2,0.053
GJ 163 b,GJ 163,62.3228353,-53.3711768,15.1285,,10.6,0.0607
GJ 163 c,GJ 163,62.3228353,-53.3711768,15.1285,,6.8,0.1254
GJ 163 d,GJ 163,62.3228353,-53.3711768,15.1285,,29.4,1.0304
GJ 179 b,GJ 179,73.0245495,6.475234699999999,12.356,,267.18464957,2.4523333333333333
GJ 180 b,GJ 180,73.460097,-17.776194,11.9407,,7.3950000000000005,0.0975
GJ 180 c,GJ 180,73.460097,-17.776194,11.9407,,6.4,0.129
GJ 180 d,GJ 180,73.460097,-17.776194,11.9407,,7.56,0.309
GJ 2030 b,GJ 2030,50.8237604,-7.7950429,37.0788,,4.76742611,0.034
GJ 2030 c,GJ 2030,50.8237604,-7.7950429,37.0788,,4069.15709482,16.761
GJ 2056 b,GJ 2056,108.0194945,-24.8921008,28.4434,,16.2,0.283
GJ 2126 b,GJ 2126,257.3606793,-35.391719,38.129,,413.1769291,0.71
GJ 229 A c,GJ 229,92.6435993,-21.8677233,5.75624,,7.924683495,0.36150000000000004
GJ 229 b,GJ 229,92.6435993,-21.867723300000005,5.756240000000001,,18.471978376666666,0.9846666666666667
GJ 238 b,GJ 238,98.454881,-58.5250316,15.2142,0.56442569,,0.02123
GJ 251 b,GJ 251,103.7002499,33.2664632,5.58057,,3.925,0.0813
GJ 251 c,GJ 251,103.7002499,33.2664632,5.58057,,3.88,0.196
GJ 27.1 b,GJ 27.1,9.9980016,-44.2541679,23.6062,,13.0,0.101
GJ 273 b,GJ 273,111.852091,5.225807,5.921535,,2.89,0.091101
GJ 273 c,GJ 273,111.852091,5.225807,5.921535,,1.18,0.036467
GJ 3021 b,GJ 3021,4.0634323,-79.8514218,17.5559,,1071.04,0.49
GJ 3082 b,GJ 3082,18.6432425,-53.9407751,16.6186,,8.2,0.079
GJ 3090 b,GJ 3090,20.4384281,-46.7147234,22.4751,2.13868253,3.9299999999999997,0.031625
GJ 3090 c,GJ 3090,20.4384281,-46.7147234,22.4751,,10.0,0.0997
GJ 3138 b,GJ 3138,32.2977385,-16.3392495,28.4712,,1.78,0.0197
GJ 3138 c,GJ 3138,32.2977385,-16.3392495,28.4712,,4.18,0.057
GJ 3138 d,GJ 3138,32.2977385,-16.3392495,28.4712,,10.5,0.698
GJ 317 b,GJ 317,130.2445254,-23.452809,15.1968,,571.686077838,1.1138
GJ 317 c,GJ 317,130.2445254,-23.452809,15.1968,,526.767949384,10.262500000000001
GJ 3222 b,GJ 3222,50.8972464,-40.0762325,18.23817,,11.44182265,0.091
GJ 328 b,GJ 328,133.7819507,1.5420011,20.5266,,764.374650785,4.305
GJ 328 c,GJ 328,133.7819507,1.5420011,20.5266,,21.4,0.657
GJ 3293 b,GJ 3293,67.1484425,-25.1713396,20.1903,,24.63,0.143395
GJ 3293 c,GJ 3293,67.1484425,-25.1713396,20.1903,,23.405,0.362875
GJ 3293 d,GJ 3293,67.1484425,-25.1713396,20.1903,,7.6,0.19394
GJ 3293 e,GJ 3293,67.1484425,-25.1713396,20.1903,,3.28,0.08208
GJ 3323 b,GJ 3323,75.4868824,-6.9485133,5.37484,,2.02,0.03282
GJ 3323 c,GJ 3323,75.4868824,-6.9485133,5.37484,,2.31,0.1264
GJ 3341 b,GJ 3341,78.9471415,-31.2948458,23.619,,6.6,0.089
GJ 338 B b,GJ 338 B,138.5916722,52.6835211,6.33256,,10.434999999999999,0.1415
GJ 341 b,GJ 341,140.3993759,-60.2811692,10.454,0.8739435,4.0,
GJ 3470 b,GJ 3470,119.7735021,15.391209000000002,29.421400000000002,4.258643972857143,13.701666666666668,0.034566
GJ 3473 b,GJ 3473,120.5936065,3.3371629000000005,27.3644,1.23736694,1.86,0.01589
GJ 3473 c,GJ 3473,120.5936065,3.3371629,27.3644,,7.41,0.0876
GJ 3512 b,GJ 3512,130.3316616,59.49183639999999,9.48637,,146.62508428333334,0.3375333333333333
GJ 3512 c,GJ 3512,130.3316616,59.4918364,9.48637,,103.77097488500002,1.5115
GJ 357 b,GJ 357,144.0074644,-21.6650634,9.44181,1.2289833333333333,1.84,0.035500000000000004
GJ 357 c,GJ 357,144.0074644,-21.6650634,9.44181,,3.4,0.061
GJ 357 d,GJ 357,144.0074644,-21.6650634,9.44181,,6.1,0.204
GJ 3634 b,GJ 3634,164.6433493,-31.1443383,20.3779,,8.4,0.0287
GJ 367 b,GJ 367,146.121464,-45.77901649999999,9.41263,1.3592533333333332,0.5895,0.007095000000000001
GJ 367 c,GJ 367,146.121464,-45.7790165,9.41263,,4.13,
GJ 367 d,GJ 367,146.121464,-45.7790165,9.41263,,6.03,
GJ 3779 b,GJ 3779,200.7335358,24.4639425,13.743,,8.0,0.026
GJ 3929 b,GJ 3929,239.5775678,35.4081141,15.8095,1.1124289133333332,1.48,0.025445000000000002
GJ 3929 c,GJ 3929,239.5775678,35.4081141,15.8095,,5.71,0.081
GJ 393 b,GJ 393,157.2288672,0.8378485,7.03149,,1.71,0.05402
GJ 3942 b,GJ 3942,242.2645452,52.9441443,16.9287,,7.14,0.0608
GJ 3988 b,GJ 3988,255.8503747,51.4089795,9.9105,,3.69,0.0405
GJ 3998 b,GJ 3998,259.0020507,11.0561751,18.1459,,2.4850000000000003,0.0295
GJ 3998 c,GJ 3998,259.0020507,11.0561751,18.1459,,6.54,0.0895
GJ 3998 d,GJ 3998,259.0020507,11.0561751,18.1459,,6.07,0.189
GJ 411 b,GJ 411,165.834471,35.972317,5.675773,,2.7046493099999998,0.078362
GJ 414 A b,GJ 414 A,167.7745044,30.4451688,11.8893,2.63,8.917037355,0.23635
GJ 414 A c,GJ 414 A,167.7745044,30.4451688,11.8893,8.4,56.155213445,1.412
GJ 422 b,GJ 422,168.9810458,-57.5425629,12.6631,,10.485,0.11499999999999999
GJ 4274 b,GJ 4274,335.7805478,-17.6104078,7.23556,,2.97,0.0153
GJ 4274 c,GJ 4274,335.7805478,-17.6104078,7.23556,,8.39,0.186
GJ 4276 b,GJ 4276,336.3221454,59.412503,21.3362,,16.57,0.082
GJ 433 b,GJ 433,173.8619194,-32.5436302,9.06456,,5.8724,0.06
GJ 433 c,GJ 433,173.8619194,-32.5436302,9.06456,,38.711,4.2095
GJ 433 d,GJ 433,173.8619194,-32.5436302,9.06456,,5.223,0.178
GJ 436 b,GJ 436,175.5505363,26.7030669,9.75321,4.081531284545455,22.621083661875,0.02881357142857143
GJ 463 b,GJ 463,185.7440496,64.0324311,18.3554,,810.3829807475,3.53
GJ 480 b,GJ 480,189.7134226,11.6950708,14.2358,,11.0,0.068
GJ 486 b,GJ 486,191.981531,9.7494181,8.07426,1.3152848499999998,2.8633333333333333,0.017203333333333334
GJ 504 b,GJ 504,199.192348,9.4249781,17.5299,12.10569916,1271.3,43.5
GJ 508.2 b,GJ 508.2,200.2443854,34.2776644,16.6374,,587.98255295,4.85
GJ 514 b,GJ 514,202.5040424,10.3725387,7.61778,,5.2,0.422
GJ 536 b,GJ 536,210.2597264,-2.6522901,10.4092,,6.083333333333333,0.06680333333333334
GJ 536 c,GJ 536,210.2597264,-2.6522901,10.4092,,5.89,0.1617
GJ 581 b,GJ 581,229.85647249999997,-7.7226935,6.2981,,16.513004514285715,0.040588042857142854
GJ 581 c,GJ 581,229.8564725,-7.722693500000001,6.298100000000001,,5.6625786116666665,0.07241383333333333
GJ 581 e,GJ 581,229.85647250000002,-7.7226935,6.2981,,1.8954,0.02871866
GJ 625 b,GJ 625,246.3557854,54.3033625,6.47249,,2.82,0.078361
GJ 649 b,GJ 649,254.5363221,25.7419719,10.3796,,91.21551364333334,1.1265
GJ 667 C b,GJ 667 C,259.7510609,-34.9977651,7.2439599999999995,,5.635249999999999,0.04998275
GJ 667 C c,GJ 667 C,259.7510609,-34.9977651,7.24396,,4.03725,0.1245025
GJ 667 C e,GJ 667 C,259.7510609,-34.9977651,7.24396,,2.7,0.213
GJ 667 C f,GJ 667 C,259.7510609,-34.9977651,7.24396,,2.7,0.156
GJ 667 C g,GJ 667 C,259.7510609,-34.9977651,7.24396,,4.6,0.549
GJ 674 b,GJ 674,262.1700476,-46.8989826,4.54896,,11.09,0.039
GJ 676 A b,GJ 676 A,262.5448903,-51.6377777,16.0272,,1734.8121866679999,1.7974
GJ 676 A c,GJ 676 A,262.5448903,-51.6377777,16.0272,,3224.69243362,8.163
GJ 676 A d,GJ 676 A,262.5448903,-51.637777699999994,16.0272,,4.204646960000001,0.040150000000000005
GJ 676 A e,GJ 676 A,262.5448903,-51.637777699999994,16.0272,,8.758132183333332,0.184
GJ 680 b,GJ 680,263.8072214,-48.6788427,9.67315,,7977.4930157,10.138
GJ 682 b,GJ 682,264.2610245,-44.3232519,5.00671,,4.4,0.08
GJ 682 c,GJ 682,264.2610245,-44.3232519,5.00671,,8.7,0.176
GJ 685 b,GJ 685,263.8960378,61.6793482,14.3155,,9.0,0.1344
GJ 687 b,GJ 687,264.1041731,68.3336741,4.54939,,18.0599277275,0.16558250000000002
GJ 687 c,GJ 687,264.1041731,68.3336741,4.54939,,16.0,1.165
GJ 720 A b,GJ 720 A,278.8294172,45.7456038,15.5575,,13.64,0.119
GJ 724 b,GJ 724,280.238365,-13.3824997,16.9658,,10.75,0.04685
GJ 740 b,GJ 740,284.4997178,5.902867,11.1017,,2.96,0.029
GJ 806 b,GJ 806,311.2697002,44.5002351,12.0445,1.504615,1.9,0.01406
GJ 806 c,GJ 806,311.2697002,44.5002351,12.0445,,5.8,0.0523
GJ 832 b,GJ 832,323.3912616,-49.0125169,4.96435,,252.5970939,3.5501666666666662
GJ 849 b,GJ 849,332.4229938,-4.6408317,8.80058,,287.1760634842857,2.3565
GJ 849 c,GJ 849,332.4229938,-4.6408317,8.80058,,293.5675052633333,4.962
GJ 86 b,GJ 86,32.6224785,-50.820994500000005,10.7836,,1310.5006,0.11233333333333334
GJ 876 b,GJ 876,343.3239737,-14.266595799999997,4.67517,,798.5533553277778,0.21191775
GJ 876 c,GJ 876,343.3239737,-14.2665958,4.67517,,242.73511335999999,0.13264700000000001
GJ 876 d,GJ 876,343.3239737,-14.2665958,4.67517,,7.001354208571429,0.02121374333333333
GJ 876 e,GJ 876,343.32397370000007,-14.2665958,4.67517,,16.393717773333332,0.34356666666666663
GJ 887 b,GJ 887,346.4907806666667,-35.8492557,3.28786,,5.0,0.07046666666666666
GJ 887 c,GJ 887,346.4907806666667,-35.8492557,3.28786,,8.1,0.12466666666666666
GJ 887 d,GJ 887,346.5027573,-35.8473489,3.28679,,6.1,0.212
GJ 887 e,GJ 887,346.5027573,-35.8473489,3.28679,,1.46,0.0417
GJ 896 A b,GJ 896 A,352.9700384,19.9370011,6.26022,,718.29219982,0.63965
GJ 900 b,GJ 900 A,353.7526177,1.6055211,20.8065,,3496.112477,12000.0
GJ 9066 c,GJ 9066,30.0588307,13.0443172,4.471,,69.171982735,0.875
GJ 9404 b,GJ 9404,184.8472095,28.3827126,23.8839,,11.9,0.0943
GJ 96 b,GJ 96,35.5624031,47.8802075,11.9315,,19.66,0.291
GJ 9689 b,GJ 9689,303.467731,13.3888921,30.6203,,9.65,0.1139
GJ 9714 b,GJ 9714,315.4141767,-32.5250028,20.5121,,2988.54051102,12.319
GJ 9773 b,GJ 9773,333.1502333,8.5503355,15.9211,,172.580825,2.921
GJ 9827 b,GJ 9827,351.7717763,-1.2853435,29.661,1.592272222222222,4.457142857142857,0.01933
GJ 9827 c,GJ 9827,351.7717763,-1.2853435,29.661,1.2402857142857144,1.6316666666666666,0.04038666666666667
GJ 9827 d,GJ 9827,351.7717763,-1.2853435,29.661,2.009875,3.5114285714285716,0.056908571428571426
GU Psc b,GU Psc,18.146485,17.0650029,47.5501,14.179,3591.3,2000.0
Gaia-5 b,Gaia-5,302.0408173,41.9415455,41.1813,,6633.07885409,
Gl 378 b,Gl 378,150.5865513,48.0824515,14.9545,,13.02,0.039435
Gl 410 b,Gl 410,165.6604212,21.9669164,11.9324,,8.4,0.0531
Gl 49 b,Gl 49,15.6687321,62.3454386,9.8528,,5.63,0.0905
Gl 686 b,Gl 686,264.4764878,18.5959509,8.15728,,6.787999999999999,0.09123333333333333
Gl 725 A b,Gl 725 A,280.6834312,59.638109,3.5214,,2.78,0.068
Gliese 12 b,Gliese 12,3.9579137,13.5576175,12.21,0.9396440675,4.94,0.0669
HAT-P-11 b,HAT-P-11,297.7101763,48.08186349999999,37.7647,4.77072023076923,25.284667159999998,0.052791
HAT-P-11 c,HAT-P-11,297.7101763,48.0818635,37.7647,,696.5963769200001,4.115
HD 100508 b,HD 100508,173.3014057,-67.0546386,32.7548,,381.3940884,6.11
HD 100777 b,HD 100777,173.96463030000004,-4.7555425,49.5336,,362.32128020333334,1.04
HD 101581 b,HIP 56998,175.2563039,-44.4041485,12.7781,0.967729145,,0.046
HD 101581 c,HIP 56998,175.2563039,-44.4041485,12.7781,1.00572997,,0.0573
HD 10180 c,HD 10180,24.473113300000005,-60.5114881,38.9607,,922.6365222599999,0.06411
HD 10180 d,HD 10180,24.473113300000005,-60.5114881,38.9607,,1106.5481848633333,0.12859500000000001
HD 10180 e,HD 10180,24.4731133,-60.5114881,38.9607,,25.3426575,0.2699
HD 10180 f,HD 10180,24.4731133,-60.5114881,38.9607,,23.423662999999998,0.4929
HD 10180 g,HD 10180,24.473113300000005,-60.5114881,38.9607,,1140.0009461133334,1.4245
HD 10180 h,HD 10180,24.4731133,-60.5114881,38.9607,,65.031839,3.3905
HD 101930 b,HD 101930,175.875608,-58.0053798,30.0274,,87.39875,0.301
HD 102117 b,HD 102117,176.2097267,-58.704013399999994,39.5792,,53.01294,0.15108
HD 102195 b,HD 102195,176.4254063,2.8209912,29.3386,,146.04181485750001,0.04936666666666667
HD 102843 b,HD 102843,177.5854673,-1.2522989,62.758,,113.9,4.074
HD 103197 b,HD 103197,178.2201971,-50.2927911,57.1463,,29.90235,0.2495
HD 103720 b,HD 103720,179.1713308,-2.7791393,45.5352,,197.046,0.0498
HD 103774 b,HD 103774,179.2310729,-12.1079951,56.4089,,116.0,0.07
HD 103891 b,HD 103891,179.4382907,-8.5486195,55.5213,,688.098501155,3.2625
HD 103949 b,HD 103949,179.5479558,-23.9241221,26.4997,,11.2,0.439
HD 104067 b,HD 104067,179.7923543,-20.3556058,20.3632,,59.114241655,0.26475
HD 104067 c,HD 104067,179.7923543,-20.3556058,20.3632,,13.2,0.1058
HD 105779 b,HD 105779,182.6612053,-16.9564908,55.2411,,203.41018048,3.38
HD 106252 b,HD 106252,183.3730583,10.0404302,38.185,,2480.493754,2.6558599999999997
HD 10647 b,HD 10647,25.6233526,-53.7412852,17.3357,,302.7733333333333,2.0393333333333334
HD 106515 A b,HD 106515 A,183.7762699,-7.2575413,34.0915,,3743.0410175325,4.520333333333333
HD 10697 b,HD 10697,26.2324076,20.0826974,33.1205,,2006.3265445866666,2.1301666666666668
HD 107148 b,HD 107148,184.8059773,-3.3199927,49.4156,,65.63008331,0.3179
HD 107148 c,HD 107148,184.8059773,-3.3199927,49.4156,,19.89605828,0.1407
HD 108147 b,HD 108147,186.4409852,-64.0223492,38.92,,105.041,0.103
HD 108202 b,HD 108202,186.4613189,-1.1109233,38.6846,,931.23723251,3.6814999999999998
HD 108236 b,HD 108236,186.5740627,-51.3630519,64.5978,1.5847116633333334,,0.046085
HD 108236 c,HD 108236,186.5740627,-51.3630519,64.5978,2.06524934,,0.06355
HD 108236 e,HD 108236,186.5740627,-51.3630519,64.5978,3.0685476033333337,,0.13835
HD 108236 f,HD 108236,186.5740627,-51.3630519,64.5978,2.017,,0.1758
HD 108341 b,HD 108341,186.8791724,-71.4224896,48.9102,,913.7569578750001,2.0145
HD 108874 b,HD 108874,187.6126029,22.8794399,59.5175,,444.87529960571425,1.0492857142857142
HD 108874 c,HD 108874,187.6126029,22.8794399,59.5175,,331.748511114,2.7194
HD 109271 b,HD 109271,188.397397,-11.6215204,55.8716,,17.162,0.079
HD 109271 c,HD 109271,188.397397,-11.6215204,55.8716,,24.154,0.196
HD 109286 b,HD 109286,188.3958418,7.2809064,55.4156,,950.30693693,1.259
HD 109749 b,HD 109749,189.31734889999998,-40.8121458,63.0821,,87.93183333333333,0.06166666666666667
HD 109988 b,HD 109988,189.8154662,-32.7263607,42.5279,,6935.33366915,12.518
HD 110067 b,HD 110067,189.8392243,20.0273377,32.1585,2.2,5.69,0.0793
HD 110067 c,HD 110067,189.8392243,20.0273377,32.1585,2.388,6.3,0.1039
HD 110067 d,HD 110067,189.8392243,20.0273377,32.1585,2.852,8.52,0.1362
HD 110067 e,HD 110067,189.8392243,20.0273377,32.1585,1.94,3.9,0.1785
HD 110067 f,HD 110067,189.8392243,20.0273377,32.1585,2.601,5.04,0.2163
HD 110067 g,HD 110067,189.8392243,20.0273377,32.1585,2.607,8.4,0.2621
HD 110537 b,HD 110537,190.7462412,-4.0501059,45.0858,,8612.83200129,16.714
HD 11112 b,HD 11112,27.0881399,-41.4944106,44.3804,,2598.56505563,13.38
HD 111232 b,HD 111232,192.2159553,-68.4246679,28.9571,,2350.595740025,2.0078
HD 111232 c,HD 111232,192.2159553,-68.4246679,28.9571,,6159.99127027,18.025
HD 111998 b,HD 111998,193.2953521,-3.5531133,33.2237,,1479.4948267999998,1.865
HD 112300 b,HD 112300,193.8988441,3.3972376,62.07324,,5031.22368281,1.33
HD 113337 b,HD 113337,195.4438496,63.610328,36.18,,973.4985928033333,0.9710000000000001
HD 113337 c,HD 113337,195.4438496,63.610328,36.18,,5374.637276575,6.805
HD 113538 b,HD 113538,196.233933,-52.4463502,16.2817,,100.11,0.975
HD 113538 c,HD 113538,196.233933,-52.4463502,16.2817,,260.61,2.435
HD 114386 b,HD 114386,197.6652124,-35.0561807,27.9243,,406.81522474,1.7466666666666668
HD 114386 c,HD 114386,197.6652124,-35.0561807,27.9243,,117.59651059,1.05
HD 114729 b,HD 114729,198.1833997,-31.8746756,37.8063,,292.20947780800003,2.0902000000000003
HD 114783 b,HD 114783,198.1818436,-2.2649921,21.0628,,331.16835458599996,1.1745999999999999
HD 114783 c,HD 114783,198.1818436,-2.2649921,21.0628,,368.68119545,5.0
HD 11505 b,HD 11505,28.2750265,-1.3284416,38.9679,,2510.52658689,20.247
HD 11506 b,HD 11506,28.2106607,-19.507396,51.261,,1489.01015638,2.715125
HD 11506 c,HD 11506,28.2106607,-19.507396,51.261,,149.820936996,0.7310000000000001
HD 11506 d,HD 11506,28.210660699999995,-19.507396,51.261,,3102.3230807266664,14.578333333333333
HD 115404 A b,HD 115404 A,199.2155793,17.0160384,10.9816,,30.82935548,0.088
HD 115404 A c,HD 115404 A,199.2155793,17.0160384,10.9816,,3279.67133183,11.364
HD 117207 b,HD 117207,202.3368806,-35.5713041,32.3547,,611.6112894614287,3.769
HD 117618 b,HD 117618,203.1066418,-47.2719049,37.7781,,55.78573,0.174
HD 11964 b,HD 11964,29.2884252,-10.2434693,33.5369,,194.436153705,3.2283333333333335
HD 11964 c,HD 11964,29.2884252,-10.2434693,33.5369,,24.672827990000002,0.23025
HD 121504 b,HD 121504,209.3199062,-56.0404085,41.6592,,433.96164999999996,0.33
HD 12235 b,HD 12235,30.0391601,3.0959098,31.7627,,10.48833743,0.054
HD 12235 c,HD 12235,30.0391601,3.0959098,31.7627,,3135.69506346,22.21
HD 122562 c,HD 122562,210.5886904,20.8810286,53.2528,,73.10053361,0.406
HD 124330 b,HD 124330,212.8207093,54.4089731,60.1977,,238.37130525,0.86
HD 12484 b,HD 12484,30.6115322,2.8158078,48.3367,,947.1334,0.297
HD 125271 b,HD 125271,216.6474037,-81.4542756,39.3466,,3465.60094993,10.817
HD 125595 b,HD 125595,215.3434326,-40.3942443,28.1989,,1183.52140059,0.08045
HD 125612 b,HD 125612,215.2227183,-17.4818147,57.6207,,1007.4981164839999,1.3322
HD 125612 c,HD 125612,215.2227183,-17.4818147,57.6207,,17.018080646666665,0.051133333333333336
HD 125612 d,HD 125612,215.2227183,-17.4818147,57.6207,,2293.7249018166667,4.080666666666667
HD 126525 b,HD 126525,216.8852514,-51.9329118,37.6506,,75.32571,1.837
HD 12661 b,HD 12661,31.142352499999998,25.4135632,37.8478,,758.2873026642857,0.8238428571428571
HD 12661 c,HD 12661,31.142352500000005,25.4135632,37.8478,,651.30201736,2.8729
HD 127506 b,HD 127506,217.6848544,35.4546059,22.5279,,27.333243,0.287
HD 128311 b,HD 128311,219.0032292,9.7454368,16.3292,,624.993014,1.0754000000000001
HD 128311 c,HD 128311,219.0032292,9.7454368,16.3292,,1060.82603855,1.74675
HD 128356 b,HD 128356,219.2702793,-25.8031728,26.1548,,282.8687,0.87
HD 130322 b,HD 130322,221.8857975,-0.2820782,31.876600000000003,,346.364880654,0.09059999999999999
HD 133131 A b,HD 133131 A,225.8984524,-27.8431369,51.4736,,451.3186,1.44
HD 133131 A c,HD 133131 A,225.8984524,-27.8431369,51.4736,,133.4886,4.49
HD 133131 B b,HD 133131 B,225.8999745,-27.8415947,51.2993,,794.575,6.15
HD 134060 b,HD 134060,227.6847587,-61.4223747,24.0125,,10.1,0.0444
HD 134060 c,HD 134060,227.6847587,-61.4223747,24.0125,,29.29,2.3928
HD 134606 b,HD 134606,228.8103897,-70.5203328,26.7909,,9.09,0.1046
HD 134606 c,HD 134606,228.8103897,-70.5203328,26.7909,,11.31,0.3007
HD 134606 d,HD 134606,228.8103897,-70.5203328,26.7909,,44.8,1.941
HD 134606 e,HD 134606,228.8103897,-70.5203328,26.7909,,2.34,0.0527
HD 134606 f,HD 134606,228.8103897,-70.5203328,26.7909,,5.63,0.1784
HD 134987 b,HD 134987,228.3675397,-25.3096721,26.1804,,513.1645065939999,0.8156000000000001
HD 134987 c,HD 134987,228.3675397,-25.3096721,26.1804,,278.584780275,6.21
HD 135625 b,HD 135625,229.4511514,-45.9225871,56.518,,731.0053361,5.4
HD 136118 b,HD 136118,229.7306046,-1.5922913,51.4359,,4704.178252005,2.34
HD 136352 b,HD 136352,230.4401147,-48.3188174,14.682,1.582803215,4.826,0.09622
HD 136352 c,HD 136352,230.4401147,-48.3188174,14.682,2.77150696,11.124,0.17165999999999998
HD 136352 d,HD 136352,230.4401147,-48.3188174,14.682,2.2299442033333334,9.472,0.42472000000000004
HD 136925 b,HD 136925,230.7157509,13.3663117,47.874,,266.97586188,5.13
HD 13724 c,HD 13724,33.0859626,-46.8166738,43.465,,50.85254512,0.534
HD 137388 b,HD 137388,233.915082,-80.2044169,40.4841,,67.21955,0.89
HD 13808 b,HD 13808,33.1780708,-53.7437591,28.2305,,11.2,0.10519
HD 13808 c,HD 13808,33.1780708,-53.7437591,28.2305,,9.96,0.2554
HD 13931 b,HD 13931,34.1979991,43.7722065,47.3963,,680.749845076,5.2402500000000005
HD 140901 b,HD 140901,236.8689866,-37.9172333,15.2528,,15.57359194,0.085
HD 140901 c,HD 140901,236.8689866,-37.9172333,15.2528,,1284.662421095,9.6105
HD 141004 b,HD 141004,236.6099205,7.3527684,11.8148,,13.26741933,0.12315
HD 141399 b,HD 141399,236.7235392,46.986288,37.0169,,144.40052332000002,0.4183666666666667
HD 141399 c,HD 141399,236.7235392,46.986288,37.0169,,425.7855509666667,0.6947666666666666
HD 141399 d,HD 141399,236.7235392,46.986288,37.0169,,388.0697593466666,2.112933333333333
HD 141399 e,HD 141399,236.7235392,46.986288,37.0169,,211.2506647033333,4.798933333333333
HD 141937 b,HD 141937,238.0735585,-18.4359716,33.3622,,4458.851904985,1.5025666666666666
HD 142 A d,HD 142,1.5836771,-49.0753625,26.1853,,82.63538582,0.474
HD 142 b,HD 142,1.5836771,-49.0753625,26.1853,,758.9018740079999,1.026
HD 142 c,HD 142,1.5836771,-49.0753625,26.1853,,2574.523732355,8.3055
HD 142022 A b,HD 142022 A,242.5481731,-84.2317494,34.2802,,1481.5237718566666,2.9663333333333335
HD 142415 b,HD 142415,239.418989,-60.2006948,35.5318,,522.88805,1.0550000000000002
HD 143105 b,HD 143105,238.4023547,68.7199779,46.7789,,384.5743,0.0379
HD 145377 b,HD 145377,242.9019658,-27.0781199,53.4884,,1871.9803000000002,0.45
HD 145675 c,14 Her,242.6021014,43.8163621,17.9323,,1983.7789736933335,16.108
HD 1461 b,HD 1461,4.6762645,-8.0536206,23.4534,,7.1877077175,0.06347933333333333
HD 1461 c,HD 1461,4.6762645,-8.0536206,23.4534,,6.32289532,0.1119
HD 147018 b,HD 147018,245.7490012,-61.6901291,40.4256,,674.0,0.2388
HD 147018 c,HD 147018,245.7490012,-61.6901291,40.4256,,2080.0,1.922
HD 147379 b,HD 147379,244.1725686,67.2392041,10.7643,,26.41983887,0.3246
HD 147513 b,HD 147513,246.0057894,-39.1929661,12.9032,,385.0,1.32
HD 148156 b,HD 148156,247.0723035,-46.3175085,57.1289,,270.144,2.45
HD 149806 b,HD 149806,249.2855187,0.2546794,20.2727,,4003.68444298,12.404
HD 150706 b,HD 150706,247.8255687,79.7894032,28.2697,,816.801514505,9.1
HD 151450 b,HD 151450,252.0080127,-15.964345,43.6002,,38.45723725,0.16
HD 151450 c,HD 151450,252.0080127,-15.964345,43.6002,,1636.18063924,14.131
HD 15337 b,HD 15337,36.8678846,-27.6361171,44.8155,1.647001715,7.076333333333333,0.052324999999999997
HD 15337 c,HD 15337,36.8678846,-27.6361171,44.8155,2.3686669774999998,7.897333333333333,0.12514999999999998
HD 153557 b,HD 153557,254.4706516,47.3678558,17.9412,,20.34101805,0.068
HD 153557 c,HD 153557,254.4706516,47.3678558,17.9412,,17.48056238,0.111
HD 153557 d,HD 153557,254.4706516,47.3678558,17.9412,,8725.66108578,21.449
HD 153950 b,HD 153950,256.1292826,-43.3103753,48.4549,,902.61875,1.28
HD 154088 b,HD 154088,256.1164214,-28.5838342,18.2692,,6.6,0.134
HD 154345 b,HD 154345,255.6524619,47.0855544,18.284,,760.32041036875,4.221666666666667
HD 154672 b,HD 154672,257.520697,-56.4498041,63.048399999999994,,1603.361,0.5966666666666667
HD 154857 b,HD 154857,257.816194,-56.681038,63.44820000000001,,686.8645,1.2603333333333333
HD 154857 c,HD 154857,257.816194,-56.681038,63.4482,,819.97,5.36
HD 155193 b,HD 155193,257.4208876,10.0381003,57.7995,,238.37130525,1.04
HD 155358 b,HD 155358,257.3930947,33.3549277,43.6197,,292.32585,0.635
HD 155358 c,HD 155358,257.3930947,33.3549277,43.6197,,261.0,1.02
HD 155918 b,HD 155918,260.5364025,-75.349239,27.561,,7.62788177,0.03
HD 155918 c,HD 155918,260.5364025,-75.349239,27.561,,1878.04805696,13.183
HD 156098 b,HD 156098,259.264687,-32.6630768,48.249,,15.89142035,0.167
HD 156098 c,HD 156098,259.264687,-32.6630768,48.249,,1661.6069118,8.415
HD 156279 b,HD 156279,258.0966686,63.3527828,36.1945,,3072.8725516120003,0.50074
HD 156279 c,HD 156279,258.0966686,63.3527828,36.1945,,3045.5941350274998,5.5056666666666665
HD 156411 b,HD 156411,259.9639522,-48.5502313,56.8655,,235.18,1.88
HD 156668 b,HD 156668,259.4183491,29.228161,24.3323,,4.440562943333334,0.05012
HD 156668 c,HD 156668,259.4183491,29.228161,24.3323,,31.49679513,1.57
HD 156846 b,HD 156846,260.1423366,-19.334365,47.73319999999999,,3357.2965333333336,1.0696666666666668
HD 158259 b,HD 158259,261.3495847,52.7904721,27.0498,1.28228,2.22,
HD 158259 c,HD 158259,261.3495847,52.7904721,27.0498,,5.6,
HD 158259 d,HD 158259,261.3495847,52.7904721,27.0498,,5.41,
HD 158259 e,HD 158259,261.3495847,52.7904721,27.0498,,6.08,
HD 158259 f,HD 158259,261.3495847,52.7904721,27.0498,,6.14,
HD 15906 b,HD 15906,38.2712534,-10.352178,45.5621,2.070750905,,0.09
HD 15906 c,HD 15906,38.2712534,-10.352178,45.5621,2.93,,0.141
HD 159868 b,HD 159868,264.7466665,-43.1462347,55.8503,,677.59956,2.2175
HD 159868 c,HD 159868,264.7466665,-43.1462347,55.8503,,238.05172,1.016
HD 160691 b,HD 160691,266.0361585,-51.8348751,15.5981,,669.3584757285714,1.542
HD 160691 c,HD 160691,266.0361585,-51.8348751,15.598099999999999,,889.85279816,5.117
HD 160691 d,HD 160691,266.0361585,-51.8348751,15.598099999999999,,11.303675,0.09225
HD 160691 e,HD 160691,266.0361585,-51.8348751,15.5981,,674.95483725,0.9383333333333334
HD 16141 b,HD 16141,38.8323674,-3.5624887,37.7861,,81.56430058333333,0.36129999999999995
HD 16175 b,HD 16175,39.2577379,42.0624526,59.859,,1602.542425325,2.1245000000000003
HD 162020 b,HD 162020,267.6599252,-40.3184646,30.8248,,3853.7236000000003,0.077
HD 16417 b,HD 16417,39.2441029,-34.5790905,25.3936,,22.1,0.14
HD 164509 b,HD 164509,270.3800811,0.1044685,53.1119,,146.67434500000002,0.8725
HD 164595 b,HD 164595,270.1613723,29.5726698,28.254,,16.14,0.23
HD 164604 b,HD 164604,270.7787177,-28.5608343,39.3633,,2606.05523482,1.33875
HD 164604 c,HD 164604,270.7787177,-28.5608343,39.3633,,2717.43287985,5.556
HD 164922 b,HD 164922,270.6304652,26.310407699999995,22.0016,,109.17485440200001,2.1268000000000002
HD 164922 c,HD 164922,270.6304652,26.3104077,22.0016,,13.41135372,0.3390666666666667
HD 164922 d,HD 164922,270.6304652,26.3104077,22.0016,,4.36782163,0.10264999999999999
HD 164922 e,HD 164922,270.6304652,26.3104077,22.0016,,10.52012027,0.2292
HD 165131 b,HD 165131,271.3444007,-21.6737039,57.4263,,5991.06547195,3.565
HD 165155 b,HD 165155,271.4893395,-29.9172536,63.3574,,918.5287,1.13
HD 166724 b,HD 166724,273.4988604,-42.5757218,45.1342,,1164.8189733,5.295
HD 167042 b,HD 167042,272.6326268,54.2876184,49.6633,,507.4886129275,1.286
HD 167677 b,HD 167677,274.2067844,-11.4067857,54.3258,,1040.888032925,2.8884999999999996
HD 168009 b,HD 168009,273.8847918,45.2088229,23.3032,,9.53485221,0.1192
HD 168443 b,HD 168443,275.0159879,-9.5966905,39.6245,,2488.423312095714,0.29619999999999996
HD 168443 c,HD 168443,275.0159879,-9.5966905,39.6245,,5713.066751908571,2.878471428571429
HD 168746 b,HD 168746,275.4573269,-11.9229757,41.5681,,77.66095914249999,0.066485
HD 168863 b,HD 168863,275.6642157,-18.0219726,39.8979,,2285.18624633,10.9805
HD 16905 b,HD 16905,40.0136203,-61.3550396,39.7401,,3312.3017149533334,8.127666666666668
HD 169830 b,HD 169830,276.9561859,-29.8167919,37.6048,,898.4136673025,0.802
HD 169830 c,HD 169830,276.9561859,-29.8167919,37.6048,,1758.1549568300002,3.31175
HD 170469 b,HD 170469,277.2955423,11.6954244,60.178,,199.70085529333332,2.1843333333333335
HD 171238 b,HD 171238,278.6818389,-28.0727849,44.811299999999996,,1495.9025272,2.542666666666667
HD 175607 b,HD 175607,285.2742901,-66.1943379,40.3303,,1232.57896465,
HD 17674 b,HD 17674,42.7684964,30.2865981,44.4264,,276.5121,1.42
HD 176986 b,HD 176986,285.7739138,-11.044941,27.7843,,499.6182577233333,0.062958
HD 176986 c,HD 176986,285.7739138,-11.044941,27.7843,,705.6384382033333,0.118755
HD 176986 d,HD 176986,285.7739138,-11.044941,27.7843,,6.76,0.28149
HD 177565 b,HD 177565,286.7175787,-37.8122394,16.9179,,15.1,0.246
HD 177830 b,HD 177830,286.3363574,25.9204327,62.7674,,481.35309816,1.1922
HD 177830 c,HD 177830,286.3363574,25.9204327,62.7674,,40.363327165,0.50485
HD 178911 B b,HD 178911 B,287.2632091,34.6006972,40.9727,,2273.861719498,0.34097500000000003
HD 179949 b,HD 179949,288.8890182,-24.1797939,27.4573,,291.8418173925,0.0446725
HD 180617 b,HD 180617,289.2277322,5.1631615,5.91059,,12.207,0.33935000000000004
HD 181234 b,HD 181234,289.9998695,-9.32497,47.7458,,3043.4639264320003,7.493399999999999
HD 18143 b,HD 18143,43.9140248,26.8723829,22.5243,,10.80616584,0.088
HD 18143 c,HD 18143,43.9140248,26.8723829,22.5243,,3177.64841319,17.53
HD 181433 b,HD 181433,291.2873731,-66.4677838,26.8762,,290.70511825166665,0.080606
HD 181433 c,HD 181433,291.2873731,-66.4677838,26.8762,,550.8745535616666,1.82682
HD 181433 d,HD 181433,291.2873731,-66.4677838,26.8762,,863.7600558233335,5.986694
HD 181720 b,HD 181720,290.7212224,-32.9208401,60.2046,,122.361,1.815
HD 183263 b,HD 183263,292.1022982,8.3579183,54.1955,,1180.71646233625,1.502625
HD 183263 c,HD 183263,292.1022982,8.3579183,54.1955,,2418.655996555,5.5464
HD 183579 b,HD 183579,293.2866147,-54.5327284,57.2651,3.5366706949999998,17.099999999999998,0.13186666666666666
HD 184010 b,HD 184010,292.8401421,26.6172796,60.7993,,98.52680617,0.94
HD 184010 c,HD 184010,292.8401421,26.6172796,60.7993,,95.3485221,1.334
HD 184010 d,HD 184010,292.8401421,26.6172796,60.7993,,143.02278315,1.92
HD 185269 b,HD 185269,294.2987668,28.499514,51.9917,,323.38575000000003,0.07775
HD 185283 b,HD 185283,295.3233609,-56.3221096,31.395,,413.1769291,4.6
HD 18599 b,HD 18599,44.2620144,-56.1918694,38.5653,2.611342876666667,24.8,0.049
HD 187085 b,HD 187085,297.3915731,-37.7809929,45.8993,,252.03294,2.075
HD 187123 b,HD 187123,296.7428786,34.41899,45.9548,,163.73927111285712,0.042431666666666666
HD 187123 c,HD 187123,296.7428786,34.41899,45.9548,,647.7905178560001,4.6072500000000005
HD 188015 b,HD 188015,298.0191857,28.0999769,50.6706,,446.4308345933334,1.1933333333333334
HD 188641 b,HD 188641,299.4048303,-37.7448845,64.3399,,9333.03117155,12.027
HD 189567 b,HD 189567,301.3959616,-67.3237992,17.9055,,9.184999999999999,0.1137
HD 189567 c,HD 189567,301.3959616,-67.3237992,17.9055,,7.5,0.20135
HD 189733 b,HD 189733,300.1821223,22.7097759,19.7638,12.97517375,363.99637668454545,0.031136666666666663
HD 190007 b,HD 190007,300.6956339,3.3266992,12.7141,,15.98,0.092
HD 190228 b,HD 190228,300.7537294,28.3065564,62.7146,,1768.7150849549998,2.3495
HD 190360 b,HD 190360,300.9092476,29.894540999999997,16.0069,,487.75655396,4.065875
HD 190360 c,HD 190360,300.9092476,29.894541,16.0069,,21.057448338333334,0.12974
HD 190647 b,HD 190647,301.8318167,-35.5395236,54.473800000000004,,617.1109166666666,2.1236666666666664
HD 191939 b,HD 191939,302.02562470000004,66.8503014,53.6089,3.364212692,9.915,0.07936
HD 191939 c,HD 191939,302.0256247,66.8503014,53.6089,3.1638135216666665,7.2125,0.17248000000000002
HD 191939 d,HD 191939,302.0256247,66.8503014,53.6089,3.119249582,3.4,0.21084
HD 191939 e,HD 191939,302.0256247,66.8503014,53.6089,,112.575,0.401
HD 191939 f,HD 191939,302.0256247,66.8503014,53.6089,,1213.4486040533334,3.9033333333333338
HD 191939 g,HD 191939,302.0256247,66.8503014,53.6089,,10.19,0.806
HD 192263 b,HD 192263,303.4990864,-0.8657574,19.6359,,216.5959735275,0.15079
HD 192310 b,HD 192310,303.8284712,-27.0337556,8.79687,,16.61851529,0.319475
HD 192310 c,HD 192310,303.8284712,-27.0337556,8.79687,,19.15,1.1815
HD 195019 b,HD 195019,307.0792427,18.7692509,37.6681,,1165.7137467985715,0.13720000000000002
HD 196050 b,HD 196050,309.4637796,-60.6347649,50.674200000000006,,1120.3421274583334,2.5191666666666666
HD 196067 b,HD 196067,310.4364195,-75.3514992,39.9346,,3262.999642433333,4.9433333333333325
HD 196067 c,HD 196067,310.4364195,-75.3514992,39.9346,,10.4,
HD 196885 A b,HD 196885 A,309.9664609,11.2500236,34.1692,,902.6144666666668,2.533333333333333
HD 197037 b,HD 197037,309.8869681,42.247593,33.1944,,251.0,2.07
HD 199509 b,HD 199509,317.3445632,-82.0274926,24.3056,,43.22466335,0.426
HD 19994 b,HD 19994,48.1943193,-1.1963955,22.5242,,484.68219999999997,1.3624999999999998
HD 20003 b,HD 20003,46.9090081,-72.3219221,41.8316,,11.66,0.0974
HD 20003 c,HD 20003,46.9090081,-72.3219221,41.8316,,14.44,0.1964
HD 202206 c,HD 202206,318.7405221,-20.7897284,45.9665,,2411.5411433333334,2.5536666666666665
HD 203030 b,HD 203030,319.7432238,26.2305846,39.2503,14.4595851,5576.1047385,487.1
HD 20329 b,HD 20329,49.178124,15.6563542,63.6796,1.69868,7.42,0.018
HD 203387 b,HD 203387,320.561782,-16.8345229,61.7477,,1106.04285636,1.771
HD 203387 c,HD 203387,320.561782,-16.8345229,61.7477,,2378.9456264,5.067
HD 204313 b,HD 204313,322.0510568,-21.7274194,47.7945,,1319.7181328366667,3.1253333333333333
HD 204313 c,HD 204313,322.0510568,-21.7274194,47.7945,,17.38136699,0.21045
HD 204313 e,HD 204313,322.0510568,-21.7274194,47.7945,,5596.48150466,12.6785
HD 204941 b,HD 204941,323.0966714,-20.957957,28.7165,,78.82005,2.5549999999999997
HD 206893 b,HD 206893,326.3416874,-12.783352200000001,40.7583,14.01122587,10806.165837999999,10.133333333333333
HD 206893 c,HD 206893,326.3416874,-12.7833522,40.7583,16.36511182,4036.4207689,3.53
HD 207496 b,HD 207496,328.7181708,-77.3388025,23.606,2.40687,6.1,0.0629
HD 20781 b,HD 20781,50.0139757,-28.7841175,35.9715,,1.93,0.0529
HD 20781 c,HD 20781,50.0139757,-28.7841175,35.9715,,5.33,0.1004
HD 20781 d,HD 20781,50.0139757,-28.7841175,35.9715,,10.61,0.1647
HD 20781 e,HD 20781,50.0139757,-28.7841175,35.9715,,14.03,0.3374
HD 20782 b,HD 20782,50.0166232,-28.854353499999995,35.9864,,470.23508000000004,1.37018
HD 207832 b,HD 207832,328.1517893,-26.027174899999995,58.9291,,182.22253333333333,0.5753333333333334
HD 207832 c,HD 207832,328.1517893,-26.0271749,58.9291,,232.0159,2.112
HD 207897 b,HD 207897,325.2016451,84.3337613,28.2938,2.4083437733333333,14.600000000000001,0.11665
HD 20794 b,HD 20794,49.9997666,-43.0666533,6.00278,,2.49,0.125925
HD 20794 d,HD 20794,49.9997666,-43.0666533,6.00278,,3.7375,0.363125
HD 20794 e,HD 20794,49.9997666,-43.0666533,6.00278,,4.77,0.509
HD 20794 f,HD 20794,49.9997666,-43.0666533,6.00278,,5.82,1.3541
HD 208487 b,HD 208487,329.3332489,-37.7641354,45.147,,151.759016805,0.5135000000000001
HD 20868 b,HD 20868,50.1794053,-33.72969,47.7223,,514.87375,0.9484999999999999
HD 209458 b,HD 209458,330.7950219,18.8842419,48.3016,15.071210544666666,216.8531477423077,0.04718333333333333
HD 210193 b,HD 210193,332.3951324,-41.225205,42.2029,,153.1,1.487
HD 210277 b,HD 210277,332.3748117,-7.550596199999999,21.2985,,402.10732221,1.1182
HD 210702 b,HD 210702,332.9638643,16.0404806,54.1963,,571.53719415,1.15675
HD 211810 b,HD 211810,334.5286724,61.1349912,64.6353,,212.9461,2.656
HD 211970 b,HD 211970,335.5661579,-54.5596006,13.1277,,13.0,0.143
HD 212301 b,HD 212301,336.8803957,-77.7183219,54.2304,,152.55515,0.033
HD 213240 b,HD 213240,337.7506266,-49.4341037,40.8707,,1619.8708001566665,1.9466666666666665
HD 213472 b,HD 213472,337.7069969,40.7222277,64.4527,,1112.3994245,13.0
HD 213519 b,HD 213519,337.7727845,45.1452472,41.0014,,9.2170238,0.099
HD 213885 b,HD 213885,338.9837166,-59.864829,48.0883,1.7326000000000001,8.83,0.02012
HD 213885 c,HD 213885,338.9837166,-59.864829,48.0883,,19.95,0.056798
HD 21411 b,HD 21411,51.5474155,-30.6168403,29.1328,,65.9,0.362
HD 215152 b,HD 215152,340.8380941,-6.4020685,21.5974,,283.617868025,0.057638
HD 215152 c,HD 215152,340.8380941,-6.4020685,21.5974,,235.25845016500003,0.067393
HD 215152 d,HD 215152,340.8380941,-6.4020685,21.5974,,386.60852928500003,0.08799
HD 215152 e,HD 215152,340.8380941,-6.4020685,21.5974,,489.14619053999996,0.15417
HD 215497 b,HD 215497,341.652714,-56.5997984,40.5468,,533.9269355299999,0.0485
HD 215497 c,HD 215497,341.652714,-56.5997984,40.5468,,107.769971225,1.296
HD 216435 b,HD 216435,343.4094703,-48.5986332,32.9834,,400.42499999999995,2.5300000000000002
HD 216437 b,HD 216437,343.6639631,-70.0733957,26.690199999999997,,904.096643712,2.4576000000000002
HD 216520 b,HD 216520,341.8768719,83.6975307,19.552,,10.310603035,0.19669999999999999
HD 216520 c,HD 216520,341.8768719,83.6975307,19.552,,9.44,0.528
HD 216770 b,HD 216770,343.9748751,-26.6595286,36.6625,,193.8763,0.46
HD 21693 b,HD 21693,51.8040469,-58.3232726,33.255,,8.23,0.1455
HD 21693 c,HD 21693,51.8040469,-58.3232726,33.255,,17.37,0.2586
HD 217107 b,HD 217107,344.5647243,-2.3954489,20.0619,,440.40425484625,0.0749925
HD 217107 c,HD 217107,344.5647243,-2.3954489,20.0619,,1166.9278505325,5.438285714285714
HD 21749 c,GJ 143,51.7501882,-63.500166,16.32,0.9268982800000001,3.7,0.0695
HD 217786 b,HD 217786,345.78380880000003,-0.4303594,55.4847,,5906.47335202,2.3993333333333333
HD 217786 c,HD 217786,345.7838088,-0.4303594,55.4847,,7.31005336,0.038
HD 217958 b,HD 217958,346.136577,-25.6917758,61.7957,,166.54208527,3.758
HD 218566 b,HD 218566,347.297417,-2.2611645,28.8274,,64.41250819666668,0.6882666666666667
HD 219077 b,HD 219077,348.5319387,-62.7018297,29.1864,,3494.4968843325,6.328749999999999
HD 219134 b,HD 219134,348.3372026,57.1696255,6.53127,1.5056329275,4.1503698380000005,0.038192333333333335
HD 219134 c,HD 219134,348.3372026,57.1696255,6.53127,1.4700499999999999,3.463161632,0.064296
HD 219134 d,HD 219134,348.3372026,57.16962550000001,6.531270000000001,1.61,15.660911160000001,0.232796
HD 219134 f,HD 219134,348.3372026,57.1696255,6.53127,1.31,7.5881175725,0.14408500000000002
HD 219134 g,HD 219134,348.3372026,57.1696255,6.53127,,10.80622,0.3753
HD 219134 h,HD 219134,348.3372026,57.16962550000001,6.531270000000001,,88.246509872,2.8962
HD 220197 b,HD 220197,350.4946927,16.6323305,64.411,,63.566,2.729
HD 220689 b,HD 220689,351.4707282,-20.6167923,46.8778,,357.8726761333333,3.396333333333333
HD 220773 b,HD 220773,351.6144715,8.6428871,50.5103,,460.8,4.94
HD 220842 b,HD 220842,351.6534162,56.8871415,64.6498,,1010.6994,0.74
HD 221287 b,HD 221287,352.836223,-58.209754,55.9231,,982.05,1.25
HD 221420 b,HD 221420,353.3319001,-77.3853286,31.141499999999997,,6115.550840041667,11.321333333333333
HD 221585 b,HD 221585,353.2293802,63.1556146,55.8535,,511.7063,2.306
HD 222155 b,HD 222155,354.50256169999994,48.99601909999999,50.6078,,619.75852827,4.906666666666666
HD 222237 b,HD 222237,354.9078642,-72.7253271,11.4469,,1619.3357336650001,11.850000000000001
HD 222582 b,HD 222582,355.4640788,-5.9862379,42.1586,,2327.26873679,1.343
HD 22496 b,HD 22496,53.7565398,-48.4178173,13.5956,,5.57,0.051
HD 22781 b,HD 22781,55.2065581,31.8258855,32.6034,,4338.2,1.167
HD 22946 d,HD 22946,54.819538,-42.7630276,62.7792,2.607,26.57,0.2958
HD 23079 b,HD 23079,54.9281897,-52.9162344,33.4591,,812.0399656550001,1.5653333333333332
HD 23079 c,HD 23079,54.9281897,-52.9162344,33.4591,,8.26,
HD 233832 b,HD 233832,171.5196515,50.3763099,58.742,,715.1175000000001,3.6325
HD 23472 b,HD 23472,55.45903139999999,-62.7672667,39.0341,1.93111449,13.120000000000001,0.1186
HD 23472 c,HD 23472,55.45903139999999,-62.7672667,39.0341,1.87382983,10.295,0.1673
HD 23472 d,HD 23472,55.4590314,-62.7672667,39.0341,0.7537940000000001,0.55,0.04298
HD 23472 e,HD 23472,55.4590314,-62.7672667,39.0341,0.87352797,0.72,0.068
HD 23472 f,HD 23472,55.4590314,-62.7672667,39.0341,1.10031184,0.77,0.0906
HD 235088 b,HD 235088,300.6154535,53.3774418,41.1706,2.019858555,4.175000000000001,0.0712
HD 23596 b,HD 23596,57.0018601,40.5307308,52.0018,,3264.34005664,2.8034
HD 238090 b,HD 238090,183.0886375,54.486153,15.2354,,6.89,0.0932
HD 24040 b,HD 24040,57.5962104,17.4752873,46.6224,,1329.5678805583332,4.8004
HD 24040 c,HD 24040,57.5962104,17.4752873,46.6224,,63.88350981,1.3
HD 24085 b,HD 24085,56.2563447,-70.0245193,54.9004,,11.8,0.034
HD 25015 b,HD 25015,59.43354630000001,-20.2673347,37.433,,2434.2501480933333,6.296
HD 25171 b,HD 25171,58.9574779,-65.1863239,55.6146,,296.370225,2.9955
HD 25463 b,HD 25463,60.748336099999996,9.2077676,45.6181,2.6706174199999997,8.6,0.076
HD 25463 c,HD 25463,60.748336099999996,9.2077676,45.6181,1.3990973366666666,4.199999999999999,0.043899999999999995
HD 25912 b,HD 25912,60.9074988,-51.9315058,49.1661,,38.13940884,0.242
HD 25912 c,HD 25912,60.9074988,-51.9315058,49.1661,,5252.75008249,17.848
HD 260655 b,HD 260655,99.2915429,17.5662696,10.0055,1.25663,2.14,0.02933
HD 260655 c,HD 260655,99.2915429,17.5662696,10.0055,1.71451,3.09,0.04749
HD 26161 b,HD 26161,62.4122255,31.6524346,40.9128,,6668.039978860001,15.2435
HD 2638 b,HD 2638,7.4990038,-5.764959999999999,54.9621,,148.31760116666666,0.042666666666666665
HD 27442 b,HD 27442,64.1205476,-59.3028771,18.2704,,462.43525,1.2155
HD 27631 b,HD 27631,64.9392168,-41.9606604,50.2862,,477.16011163999997,3.2373333333333334
HD 27894 b,HD 27894,65.1975693,-59.409677599999995,43.8214,,204.87181605,0.12511999999999998
HD 27894 c,HD 27894,65.1975693,-59.4096776,43.8214,,51.48846,0.198
HD 27894 d,HD 27894,65.1975693,-59.4096776,43.821400000000004,,2064.6162072366665,5.441333333333334
HD 28185 b,HD 28185,66.6100461,-10.5510754,39.3809,,1889.5747386985713,1.042142857142857
HD 28185 c,HD 28185,66.6100461,-10.5510754,39.3809,,4074.401263535,10.838000000000001
HD 28192 b,HD 28192,66.7032517,-1.7244842,49.8063,,99.7981198,0.118
HD 28254 b,HD 28254,66.2108141,-50.6228081,55.2884,,788.2089733,2.3
HD 28471 b,HD 28471,66.2875166,-64.0786861,43.6455,,3.72,0.042
HD 28471 c,HD 28471,66.2875166,-64.0786861,43.6455,,5.72,0.065
HD 28471 d,HD 28471,66.2875166,-64.0786861,43.6455,,4.91,0.1
HD 285507 b,HD 285507,61.755663,15.3349441,45.0293,,301.4557,0.06
HD 285968 b,HD 285968,70.7353853,18.953358,9.47045,,8.839369866666667,0.06616333333333334
HD 29021 b,HD 29021,69.4681379,60.6762985,30.9939,,1091.742489645,2.287
HD 290327 b,HD 290327,80.8399887,-2.2780391,56.433,,789.78845,3.43
HD 29399 b,HD 29399,68.3903471,-62.8237576,44.1518,,525.395299495,1.9625
HD 29985 b,HD 29985,70.5216589,-33.9210696,31.2707,,1319.46463166,10.695
HD 30177 b,HD 30177,70.4770964,-58.02080850000001,55.5867,,2792.3785940033335,3.5413333333333337
HD 30177 c,HD 30177,70.4770964,-58.0208085,55.5867,,2185.076351525,10.074
HD 30562 b,HD 30562,72.1529519,-5.6751152,26.1597,,425.3307645725,2.3135
HD 30669 b,HD 30669,72.1198522,-28.4190757,58.0844,,149.37,2.69
HD 31253 b,HD 31253,73.6822877,12.352010299999998,58.1438,,165.90468983999997,1.2716666666666667
HD 31527 b,HD 31527,73.9096193,-23.2413163,38.4473,,10.47,0.1254
HD 31527 c,HD 31527,73.9096193,-23.2413163,38.4473,,14.16,0.2663
HD 31527 d,HD 31527,73.9096193,-23.2413163,38.4473,,11.82,0.8098
HD 3167 b,HD 3167,8.7401487,4.3807215,47.28990000000001,1.6525249927272727,5.17,0.01805
HD 3167 c,HD 3167,8.7401487,4.3807215,47.28990000000001,2.852366164,9.946000000000002,0.18002
HD 3167 d,HD 3167,8.7401487,4.3807215,47.2899,,5.79,0.07696666666666667
HD 3167 e,HD 3167,8.7401487,4.3807215,47.2899,,9.075,0.39665
HD 32963 b,HD 32963,76.9820146,26.3276805,38.0786,,370.3764086566666,3.4116666666666666
HD 330075 b,HD 330075,237.4054997,-49.9639199,45.2989,,174.8042,0.0395
HD 331093 b,HD 331093,295.6200054,31.7395451,50.1928,,476.7426105,1.44
HD 33564 b,HD 33564,80.6378979,79.2318488,20.9531,,2892.1,1.1
HD 34445 b,HD 34445,79.4207483,7.3527156,46.0907,,229.9379229525,2.08
HD 34445 c,HD 34445,79.4207483,7.3527156,46.0907,,53.5,0.7181
HD 34445 d,HD 34445,79.4207483,7.3527156,46.0907,,30.7,0.4817
HD 34445 e,HD 34445,79.4207483,7.3527156,46.0907,,16.8,0.2687
HD 34445 f,HD 34445,79.4207483,7.3527156,46.0907,,37.9,1.543
HD 34445 g,HD 34445,79.4207483,7.3527156,46.0907,,120.6,6.36
HD 3651 b,HD 3651,9.8387218,21.2488844,11.1336,,69.91517587,0.2925
HD 37124 b,HD 37124,84.2599947,20.7289784,31.663400000000003,,217.32634291,0.5295880000000001
HD 37124 c,HD 37124,84.2599947,20.7289784,31.663400000000003,,221.393427866,1.9194
HD 37124 d,HD 37124,84.2599947,20.7289784,31.6634,,215.32540005250002,2.9524999999999997
HD 37605 b,HD 37605,85.0074276,6.0595116,46.78639999999999,,819.4786,0.27262000000000003
HD 37605 c,HD 37605,85.0074276,6.0595116,46.78639999999999,,1051.5786,3.777
HD 3765 b,HD 3765,10.2072994,40.1842918,17.926,,54.98431441,2.108
HD 38283 b,HD 38283,84.2605324,-73.6998131,38.0615,,117.59710000000001,1.02
HD 38529 b,HD 38529,86.6451363,1.1675866,42.3538,,256.0794812971429,0.1287
HD 38529 c,HD 38529,86.6451363,1.1675866,42.3538,,4270.39363089125,3.6290833333333334
HD 39091 b,HD 39091,84.2992798,-80.4646041,18.2702,,3673.6790433479996,3.284625
HD 39194 b,HD 39194,86.129071,-70.1382377,26.4131,,4.3100000000000005,0.057475
HD 39194 c,HD 39194,86.129071,-70.1382377,26.4131,,6.895,0.10565
HD 39194 d,HD 39194,86.129071,-70.1382377,26.4131,,4.58,0.18995
HD 39855 b,HD 39855,88.6260731,-19.7044472,23.2599,,8.5,0.041
HD 40307 b,HD 40307,88.5172191,-60.0237289,12.9363,,300.2015176475,0.047274666666666666
HD 40307 c,HD 40307,88.5172191,-60.0237289,12.9363,,472.0358011875,0.08074333333333333
HD 40307 d,HD 40307,88.5172191,-60.0237289,12.9363,,450.782370375,0.13339
HD 40307 f,HD 40307,88.51721909999999,-60.0237289,12.936299999999997,,4.676666666666667,0.24819999999999998
HD 40307 g,HD 40307,88.5172191,-60.0237289,12.9363,,7.1,0.60345
HD 40979 b,HD 40979,91.1253346,44.2597855,34.0883,,1295.9135116500001,0.854475
HD 41004 A b,HD 41004 A,89.9566041,-48.2394189,36.69117,,807.25,
HD 41004 B b,HD 41004 B,89.9565956,-48.2394114,41.5504,,5881.195,
HD 4113 b,HD 4113,10.8027515,-37.9831248,41.8727,,515.4042950433334,1.286
HD 42012 b,HD 42012,92.485473,34.1341722,36.7984,,508.528,1.67
HD 4208 b,HD 4208,11.1125532,-26.5150392,34.1937,,254.57452036,1.6591999999999998
HD 42618 b,HD 42618,93.0032173,6.7819742,24.3358,,14.796098924999999,0.54385
HD 4308 b,HD 4308,11.1652594,-65.6527159,22.0158,,14.9695,0.1175
HD 43197 b,HD 43197,93.3993231,-29.8971929,62.4112,,183.22455453499998,0.901
HD 43197 c,HD 43197,93.3993231,-29.8971929,62.4112,,2500.67390628,8.54
HD 44219 b,HD 44219,95.0599971,-10.7250799,52.9051,,184.33523803,1.225
HD 45184 b,HD 45184,96.1820205,-28.7806402,21.9532,,12.05428263,0.06425
HD 45184 c,HD 45184,96.1820205,-28.7806402,21.9532,,9.8716486,0.10975
HD 45350 b,HD 45350,97.1902262,38.9627315,46.8733,,509.3863822875,1.892
HD 45364 b,HD 45364,96.4105736,-31.4810037,34.354,,59.830108725,0.6803
HD 45364 c,HD 45364,96.4105736,-31.4810037,34.354,,191.78964772,0.8996
HD 45652 b,HD 45652,97.3058709,10.9336212,34.8541,,132.95363,0.23233333333333336
HD 457 b,HD 457,2.2492922,-39.7372401,55.0375,,8445.3364308,15.369
HD 46375 b,HD 46375,98.3030763,5.4625071,29.552900000000005,,74.30663901,0.04026
HD 47186 b,HD 47186,99.0367212,-27.6234285,37.4574,,22.51405,0.05
HD 47186 c,HD 47186,99.0367212,-27.6234285,37.4574,,111.42,2.395
HD 4732 b,HD 4732,12.3085089,-24.1369079,54.7841,,692.21860815,1.1595
HD 4732 c,HD 4732,12.3085089,-24.1369079,54.7841,,911.361294775,4.6625
HD 48948 b,HD 48948,102.489811,60.3373133,16.9043,,4.88,0.0652
HD 48948 c,HD 48948,102.489811,60.3373133,16.9043,,7.27,0.1951
HD 48948 d,HD 48948,102.489811,60.3373133,16.9043,,10.59,0.4894
HD 49674 b,HD 49674,102.8773483,40.8672284,43.0399,,35.278096792,0.05816
HD 50499 b,HD 50499,103.008075,-33.915267,46.2845,,476.86784316399996,3.8672500000000003
HD 50499 c,HD 50499,103.008075,-33.915267,46.2845,,970.96811713,9.559999999999999
HD 50554 b,HD 50554,103.678273,24.2451409,31.1664,,1512.7194252333331,2.3174
HD 51608 b,HD 51608,103.7137102,-55.2600189,35.0553,,12.77,0.1059
HD 51608 c,HD 51608,103.7137102,-55.2600189,35.0553,,14.31,0.3809
HD 52265 b,HD 52265,105.0746449,-5.3668142,29.9803,,357.40182916000003,0.5033333333333333
HD 5278 b,HD 5278,12.5467785,-83.7437671,57.5846,2.3781018633333333,7.8,0.1202
HD 5278 c,HD 5278,12.5467785,-83.7437671,57.5846,,18.4,0.2416
HD 5608 b,HD 5608,14.5594349,33.9505774,58.1105,,465.295461876,1.9129999999999998
HD 564 b,HD 564,2.4694459,-50.2678998,51.1659,,104.88,1.2
HD 56957 b,HD 56957,109.3253986,-40.6560651,61.4925,,1880.90851263,6.426
HD 60532 b,HD 60532,113.5130656,-22.2958661,25.9716,,332.1249,0.7645
HD 60532 c,HD 60532,113.5130656,-22.2958661,25.9716,,789.79165,1.59
HD 62364 b,HD 62364,113.90526580000001,-75.5442707,53.112,,5745.066284932,8.8274
HD 62364 c,HD 62364,113.9052658,-75.5442707,53.112,,7923.46218651,36.984
HD 62549 b,HD 62549,116.0821439,-5.0541223,49.3305,,2707.58019923,11.842
HD 63433 b,HD 63433,117.47936990000001,27.3631342,22.4035,2.1707374059999998,29.527499999999996,0.07176666666666666
HD 63433 c,HD 63433,117.4793699,27.3631342,22.4035,2.624786553333333,16.3695,0.14553333333333332
HD 63433 d,HD 63433,117.4793699,27.3631342,22.4035,1.073,,0.0503
HD 63454 b,HD 63454,114.8406393,-78.2791464,37.6894,12.31,108.48583333333333,0.0376
HD 63765 b,HD 63765,116.9582617,-54.265345,32.5376,,185.92495000000002,0.94
HD 63935 b,HD 63935,117.9246417,9.3852412,48.97389999999999,2.86060748,10.65,0.083
HD 63935 c,HD 63935,117.9246417,9.3852412,48.97389999999999,2.9885185266666667,11.1,0.148
HD 64114 b,HD 64114,117.982556,-11.0337221,31.5262,,17.8,0.246
HD 6434 b,HD 6434,16.1663441,-39.4904909,42.358,,139.84396666666666,0.1426666666666667
HD 65216 b,HD 65216,118.4209646,-63.6466892,35.1205,,392.9133875,1.33525
HD 65216 c,HD 65216,118.4209646,-63.6466892,35.1205,,645.1949,5.75
HD 66428 b,HD 66428,120.8691654,-1.1636019,53.2817,,1289.3379141175,3.380857142857143
HD 66428 c,HD 66428,120.8691654,-1.1636019,53.2817,,5335.703296716667,16.802666666666667
HD 68475 b,HD 68475,122.7192621,-42.8128841,33.4297,,1639.99458012,7.27
HD 6860 b,HD 6860,17.432979,35.620499,61.12469,,8981.83078182,2.03
HD 68988 b,HD 68988,124.59354290000002,61.4608518,60.8447,,611.24125792,0.07052
HD 68988 c,HD 68988,124.5935429,61.4608518,60.8447,,4772.193531105,12.649999999999999
HD 69830 b,HD 69830,124.6010091,-12.6364246,12.5591,,10.441952516666666,0.0798
HD 69830 c,HD 69830,124.6010091,-12.6364246,12.5591,,11.100893540000001,0.1890666666666667
HD 69830 d,HD 69830,124.6010091,-12.6364246,12.5591,,15.393266143333335,0.646
HD 70573 b,HD 70573,125.7079153,1.8591088,59.182,,1900.0,1.76
HD 70642 b,HD 70642,125.3661079,-39.7044432,29.276,,745.3902954600001,3.2646
HD 7199 b,HD 7199,17.6979344,-66.1886947,36.1531,,1272.3720533833332,1.36
HD 72659 b,HD 72659,128.5128072,-1.5686323,51.89489999999999,,981.0955346759999,4.542
HD 72659 c,HD 72659,128.5128072,-1.5686323,51.8949,,12311.189287946667,21.819666666666667
HD 73256 c,HD 73256,129.0949961,-30.0373339,36.708,,5085.254512,3.8
HD 73267 b,HD 73267,129.0735123,-34.4594469,50.4093,,1185.2151746275,2.20225
HD 73267 c,HD 73267,129.0735123,-34.4594469,50.4093,,1514.61127356,11.844000000000001
HD 73344 b,HD 73344,129.6894456,23.6852651,35.26,2.929111556666667,11.455,0.1303
HD 73344 c,HD 73344,129.6894456,23.6852651,35.26,,118.54999581,0.3388
HD 73344 d,HD 73344,129.6894456,23.6852651,35.26,,810.46243785,6.7
HD 73583 b,HD 73583,129.6883026,-13.2565267,31.5666,2.6850625,13.05,0.06411666666666667
HD 73583 c,HD 73583,129.6883026,-13.2565267,31.566600000000005,2.3726233333333333,16.1,0.12375
HD 74156 b,HD 74156,130.6047813,4.5772338,57.603,,563.4951919916667,0.2889483333333333
HD 74156 c,HD 74156,130.6047813,4.5772338,57.603,,2556.5687606349998,3.7424285714285714
HD 7449 b,HD 7449,18.621465,-5.0479716,38.662,,779.440627764,2.3576
HD 74698 b,HD 74698,130.0744755,-71.8768726,52.0648,,23.0,0.121
HD 74698 c,HD 74698,130.0744755,-71.8768726,52.0648,,126.0,4.5
HD 75289 b,HD 75289,131.9181715,-41.7377748,29.1158,,145.9634275,0.0478
HD 75302 b,HD 75302,132.3015641,3.4850141,30.3288,,1716.2733978,5.3
HD 76700 b,HD 76700,133.4782248,-66.8004747,60.88309999999999,,67.80373333333334,0.05003333333333334
HD 77338 b,HD 77338,135.3022475,-25.5282343,45.935,,17.4849,0.060700000000000004
HD 7924 b,HD 7924,20.4956562,76.7101475,16.9922,,350.00751991166663,0.057397500000000004
HD 7924 c,HD 7924,20.4956562,76.7101475,16.9922,,593.1239916433333,0.11275
HD 7924 d,HD 7924,20.4956562,76.7101475,16.9922,,526.9025551833333,0.15415
HD 79498 b,HD 79498,138.7885794,23.3748792,48.9489,,425.8961,3.0549999999999997
HD 80883 b,HD 80883,139.9331831,-59.4780815,34.6011,,1748.0562385,6.462
HD 80913 b,HD 80913,138.1021548,-81.768451,61.3603,,7505.2000029,9.95
HD 81040 b,HD 81040,140.9455027,20.3646078,34.4341,,2307.8617575450003,1.9535
HD 82943 b,HD 82943,143.7114034,-12.1302976,27.5902,,528.184023674,1.176612
HD 82943 c,HD 82943,143.7114034,-12.1302976,27.5902,,570.273205672,0.74167
HD 8326 b,HD 8326,20.5314418,-26.8940678,30.6862,,66.6,0.533
HD 83443 b,HD 83443,144.2994103,-43.272721,40.8991,,121.18237686714285,0.03985285714285714
HD 83443 c,HD 83443,144.2994103,-43.272721,40.8991,,476.7426105,8.0
HD 8535 b,HD 8535,20.9054804,-41.2701007,55.4401,,216.1244,2.45
HD 85390 b,HD 85390,147.5105663,-49.7905254,33.5225,,36.142156666666665,1.471
HD 85426 c,TOI-1774,148.1619305,35.111008,53.974,,10.3,
HD 8574 b,HD 8574,21.3033807,28.5660169,44.8264,,612.2927916900001,0.75925
HD 86065 b,HD 86065,148.9256674,-18.1069385,40.3661,,2877.30056857,15.947
HD 86226 b,HD 86226,149.1235154,-24.0991859,45.683,,264.584891805,2.723333333333333
HD 86226 c,HD 86226,149.1235154,-24.0991859,45.683,2.1441350000000003,7.35,0.049
HD 86728 b,HD 86728,150.250054,31.9218216,14.9202,,9.43,0.1916
HD 8673 b,HD 8673,21.5378455,34.5793389,37.8619,,4361.79536797,2.995
HD 87883 b,HD 87883,152.1794175,34.2419984,18.2912,,2030.4476595783333,3.8153999999999995
HD 88072 b,HD 88072,152.3467466,2.371054,35.9098,,2511.79790052,13.895
HD 88986 b,HD 88986,154.1166869,28.6820708,33.2673,2.49,17.2,0.58
HD 89307 b,HD 89307,154.5874958,12.6209392,32.0104,,667.10401369,3.4123666666666668
HD 89744 b,HD 89744,155.5433193,41.2289354,38.6364,,2617.7868333333336,0.915
HD 89839 b,HD 89839,155.168879,-53.6640291,57.3063,,1547.4960684925,4.796
HD 90156 b,HD 90156,155.9801144,-29.645103,21.9496,,14.885716949999999,0.25045
HD 92788 b,HD 92788,160.7021351,-2.1847173,34.6538,,1148.95451544,0.9583333333333334
HD 92788 c,HD 92788,160.7021351,-2.1847173,34.6538,,1029.766961835,9.379999999999999
HD 93083 b,HD 93083,161.0866672,-33.5776794,28.5159,,117.59,0.477
HD 93351 b,HD 93351,161.6779279,-1.6885763,56.163,,3.49611248,0.035
HD 93351 c,HD 93351,161.6779279,-1.6885763,56.163,,4154.01727949,11.154
HD 93385 b,HD 93385,161.5627065,-41.464604,43.3475,,4.2,0.0756
HD 93385 c,HD 93385,161.5627065,-41.464604,43.3475,,7.1,0.112
HD 93385 d,HD 93385,161.5627065,-41.464604,43.3475,,8.7,0.2565
HD 9446 b,HD 9446,23.3350424,29.2649187,50.3503,,222.472,0.189
HD 9446 c,HD 9446,23.3350424,29.2649187,50.3503,,578.426,0.654
HD 94771 b,HD 94771,163.9746776,-35.1145225,57.7807,,169.0,3.48
HD 94890 b,HD 94890,164.1797804,-37.1383035,61.7012,,676.97450691,2.07
HD 94890 c,HD 94890,164.1797804,-37.1383035,61.7012,,2831.85110637,4.33
HD 95338 b,HD 95338,164.8563364,-56.6235564,36.9941,4.169533135,42.67,0.2705
HD 95735 c,GJ 411,165.834471,35.972317,5.675773,,16.78421784,2.936666666666667
HD 96700 b,HD 96700,166.9742616,-30.1751383,25.4111,,8.9,0.0777
HD 96700 c,HD 96700,166.9742616,-30.1751383,25.4111,,3.5,0.141
HD 96700 d,HD 96700,166.9742616,-30.1751383,25.4111,,12.7,0.424
HD 97037 b,HD 97037,167.5545621,-7.3901483,32.413,,6707.76852973,6.925
HD 97658 b,HD 97658,168.6376584,25.7105962,21.5618,2.2975483333333333,8.065777335,0.0808
HD 98649 b,HD 98649,170.2147665,-23.2181063,42.1727,,2516.87756725,6.109249999999999
HD 98736 b,HD 98736,170.4549045,18.1896082,32.4459,,740.5439,1.864
HD 99109 b,HD 99109,171.0715576,-1.529761,54.7901,,149.99862164,1.1123333333333334
HD 99492 b,HD 99492,171.689687,3.0071331,18.2038,,28.20471414714286,0.12169333333333333
HD 99492 c,HD 99492,171.689687,3.0071331,18.2038,,17.9,
HIP 107772 b,HIP 107772,327.4977057,-41.2440371,23.6434,,12.9,0.243
HIP 109384 b,HIP 109384,332.408972,71.313956,58.9582,,495.8148,1.134
HIP 113103 b,HIP 113103,343.5723794,-43.0102291,46.2122,1.829,,0.06899
HIP 113103 c,HIP 113103,343.5723794,-43.0102291,46.2122,3.041045,,0.10479
HIP 116454 b,HIP 116454,353.9543517,0.4447043,62.4491,2.5177699999999996,11.0833,0.08248333333333334
HIP 12961 b,HIP 12961,41.6800749,-23.0860048,23.371,,112.82965,0.25
HIP 14810 b,HIP 14810,47.809275,21.0971302,50.48,,1202.0220000000002,0.06944
HIP 14810 c,HIP 14810,47.80927499999999,21.0971302,50.48,,354.9065666666667,0.5003333333333334
HIP 14810 d,HIP 14810,47.809275,21.0971302,50.48,,184.3414,1.915
HIP 18606 b,HIP 18606,59.7181058,-5.4706979,47.0288,,244.72787339,1.61
HIP 19976 b,HIP 19976,64.2597881,-40.7985198,40.2707,,21.61233168,0.234
HIP 21152 b,HIP 21152,68.0205209,5.4100745,43.4073,,8231.7557413,17.25
HIP 34222 b,HIP 34222,106.4257786,27.4704132,22.8386,,263.79757781,0.492
HIP 35173 b,HIP 35173,109.0449329,-3.6661273,33.1562,,12.7,0.217
HIP 35965 b,HIP 35965,111.2025182,-51.3257507,50.1677,,2589.98368864,15.898
HIP 38594 b,HIP 38594,118.5439118,-25.3023073,17.7886,,8.1,0.256
HIP 38594 c,HIP 38594,118.5439118,-25.3023073,17.7886,,48.4,3.805
HIP 4845 b,HIP 4845,15.5881733,-10.4246208,21.0974,,14.4,0.176
HIP 48714 b,HIP 48714,149.0332672,62.7859505,10.5298,,22.9,0.112
HIP 5158 b,HIP 5158,16.5094891,-22.4536134,51.6026,,404.5973333333333,0.89
HIP 5158 c,HIP 5158,16.5094891,-22.4536134,51.6026,,4780.1632,7.7
HIP 54373 b,HIP 54373,166.8643532,-19.2916857,18.7168,,8.62,0.063
HIP 54373 c,HIP 54373,166.8643532,-19.2916857,18.7168,,12.44,0.099
HIP 54597 b,HIP 54597,167.6082179,-29.4143018,39.7429,,700.8940884,3.9050000000000002
HIP 55507 b,HIP 55507,170.5227246,46.907803,25.4893,,2585.53409095,5.062
HIP 57274 b,HIP 57274,176.1705487,30.9576484,25.8618,,847.2507154975,0.07
HIP 57274 c,HIP 57274,176.1705487,30.9576484,25.8618,,130.0,0.178
HIP 57274 d,HIP 57274,176.1705487,30.9576484,25.8618,,167.4,1.01
HIP 5763 b,HIP 5763,18.495343,16.4942738,31.9043,,162.09248757,0.17
HIP 65 A b,HIP 65 A,0.1856063,-54.8308228,61.7856,14.335281165000001,979.390795325,0.017410000000000002
HIP 65407 b,HIP 65407,201.087663,48.8847322,61.7804,,136.03124,0.177
HIP 65407 c,HIP 65407,201.087663,48.8847322,61.7804,,249.17872,0.316
HIP 66074 b,HIP 66074,203.1635632,75.0071038,35.4438,,1589.142035,0.799
HIP 67851 b,HIP 67851,208.465364,-35.3146536,64.1181,,427.58534203,0.4475
HIP 67851 c,HIP 67851,208.465364,-35.3146536,64.1181,,1730.942128977143,4.1975999999999996
HIP 70849 b,HIP 70849,217.3270762,-46.464684,24.057200000000005,,1912.1156944499999,9.425666666666666
HIP 71135 b,HIP 71135,218.2158073,-52.6464757,32.3311,,18.8,0.335
HIP 79431 b,HIP 79431,243.1742467,-18.8764247,14.5324,,667.415,0.36
HIP 86221 b,HIP 86221,264.294875,27.896391,29.4898,,225.65816897,0.031
HIP 91258 b,HIP 91258,279.2211173,61.7015065,45.8846,,342.93135,0.058499999999999996
HIP 94235 b,HIP 94235,287.7411441,-60.27263580000001,58.5146,3.0703460133333333,379.0,0.0787
HIP 948 b,HIP 948,2.9276336,-39.2304879,34.8523,,6547.2651842,15.037
HIP 99770 b,HIP 99770,303.6338344,36.8066046,40.0765,,5260.060135850001,16.35
HN Lib b,HN Lib,218.5684823,-12.5170062,6.24442,,5.46,0.1417
HN Peg b,HN Peg,326.1315705,14.7714524,18.1186,11.7768,6991.57,773.0
HR 2562 b,HR 2562,102.5042716,-60.2486775,34.0071,12.44199,6865.1174862,23.65
HR 5183 b,HR 5183,206.7357992,6.349899400000001,31.4607,,1027.6468977633333,21.933333333333334
HR 810 b,HR 810,40.6417178,-50.7993484,17.3181,,951.45678468,0.9337500000000001
HR 858 b,HR 858,42.9849779,-30.8140609,31.964,1.95347,3.55,0.04844
HR 858 c,HR 858,42.9849779,-30.8140609,31.964,2.103257823333333,3.8,0.06805
HR 858 d,HR 858,42.9849779,-30.8140609,31.964,2.080155486666667,7.1,0.10364999999999999
HR 8799 b,HR 8799,346.8701486,21.1340376,41.2441,9.8627,2000.0,68.65333333333332
HR 8799 c,HR 8799,346.8701486,21.1340376,41.2441,12.1045,3000.0,39.60333333333333
HR 8799 d,HR 8799,346.8701486,21.1340376,41.2441,11.54405,3000.0,25.485
HR 8799 e,HR 8799,346.8701486,21.1340376,41.2441,11.601315,3178.3,15.963333333333333
HS Psc b,HS Psc,24.347379,26.9528036,37.6604,,464.02947422,0.0435
K2-116 b,K2-116,336.1523363,-11.5793181,49.3855,0.7409641066666666,,0.048
K2-129 b,K2-129,289.1485491,-25.6463233,27.7957,0.8505,,0.057
K2-136 b,K2-136,67.4128615,22.8825674,59.2474,1.018,4.3,0.0707
K2-136 c,K2-136,67.4128615,22.8825674,59.2474,3.1615,18.1,0.11789
K2-136 d,K2-136,67.4128615,22.8825674,59.2474,1.5216666666666665,3.0,0.1538
K2-141 b,K2-141,350.9170464,-1.1891827,61.873599999999996,1.5402580000000001,5.13,0.007315
K2-141 c,K2-141,350.9170464,-1.1891827,61.8736,7.0,7.7,0.0683
K2-18 b,K2-18,172.560141,7.587831500000001,38.0266,2.2723629389999997,8.1775,0.14793333333333333
K2-18 c,K2-18,172.560141,7.5878315,38.0266,,7.51,0.06
K2-239 b,K2-239,160.5941265,4.4413751,31.0849,1.1,,0.0441
K2-239 c,K2-239,160.5941265,4.4413751,31.0849,1.0,,0.0576
K2-239 d,K2-239,160.5941265,4.4413751,31.0849,1.1,,0.0685
K2-25 b,K2-25,63.2739346,15.2477027,44.9565,3.692773106666667,24.5,0.0287
K2-257 b,K2-257,188.278284,-1.9532879,64.0065,0.83,,0.0216
K2-28 b,K2-28,335.6233145,-7.9563525,62.9969,2.204210555714286,,0.019825
K2-3 b,K2-3,172.3353708,-1.4551364,44.0727,2.0542047585714287,6.805714285714286,0.07542499999999999
K2-3 c,K2-3,172.3353708,-1.4551364,44.0727,1.6312307692307693,2.8085714285714287,0.1370875
K2-3 d,K2-3,172.3353708,-1.4551364,44.0727,1.4756666666666665,4.25715261,0.20398571428571427
K2-315 b,K2-315,228.0210932,-20.1081634,56.9686,0.95,,
K2-400 b,K2-400,154.5110307,3.6969271,62.3804,1.163,,
K2-415 b,K2-415,137.2015437,11.8622503,21.8182,1.0583812,7.5,0.027
K2-91 b,K2-91,63.2182348,24.2047218,62.5785,1.1666666666666667,,0.0172
KOBE-1 b,KOBE-1,19.1660378,25.3310358,23.9718,,8.8,0.07006
KOBE-1 c,KOBE-1,19.1660378,25.3310358,23.9718,,12.4,0.16071
Kapteyn c,Kapteyn,77.9586613,-45.0430198,3.93305,,7.0,0.311
Kepler-37 b,Kepler-37,284.0592503,44.5183733,63.9207,0.2965554981818182,4.6560999999999995,0.10154712461428571
Kepler-37 c,Kepler-37,284.0592503,44.5183733,63.9207,0.7225384615384616,6.65,0.13902996481111113
Kepler-37 d,Kepler-37,284.0592503,44.5183733,63.92069999999999,1.9289255813333333,25.566666666666666,0.21093917466666667
Kepler-37 e,Kepler-37,284.0592503,44.5183733,63.9207,0.37,8.1,0.248
Kepler-42 b,Kepler-42,292.2196,44.6173667,40.0595,1.1294545454545455,0.705944,0.012475714285714284
Kepler-42 c,Kepler-42,292.2196,44.6173667,40.0595,1.378,60.337,0.00658
Kepler-42 d,Kepler-42,292.2196,44.6173667,40.0595,1.097909090909091,0.357785,0.016550000000000002
Kepler-444 b,Kepler-444,289.7528323,41.631884,36.4396,0.40804545166666667,,0.04023321594
Kepler-444 c,Kepler-444,289.7528323,41.631884,36.4396,9.83334189,,0.04679569573333334
Kepler-444 d,Kepler-444,289.7528323,41.631884,36.4396,8.212026922222222,0.2,0.05746923325
Kepler-444 e,Kepler-444,289.7528323,41.631884,36.4396,10.068778021111111,0.1,0.06673797691666666
Kepler-444 f,Kepler-444,289.7528323,41.631884,36.4396,11.962909204999999,,0.0777704246
L 168-9 b,L 168-9,350.0285917,-60.0657292,25.1496,1.4938951033333332,4.335,0.020855
L 363-38 b,L 363-38,10.8555443,-41.2952926,10.2295,,4.67,0.048
L 98-59 b,L 98-59,124.5328604,-68.3144658,10.6194,0.8329391666666667,0.532,0.022534
L 98-59 c,L 98-59,124.53286040000002,-68.3144658,10.6194,1.3542157142857145,2.2550000000000003,0.031287999999999996
L 98-59 d,L 98-59,124.53286040000002,-68.3144658,10.6194,1.7841828571428573,2.035,0.050039999999999994
L 98-59 e,L 98-59,124.5328604,-68.3144658,10.6194,,2.9333333333333336,0.07136666666666668
L 98-59 f,L 98-59,124.5328604,-68.3144658,10.6194,,2.885,0.10525000000000001
LHS 1140 b,LHS 1140,11.248632,-15.274108500000002,14.9861,1.673189062,6.4025,0.09285
LHS 1140 c,LHS 1140,11.248632,-15.2741085,14.986099999999999,1.3222484300000001,1.8266666666666669,0.02703
LHS 1478 b,LHS 1478,44.3388743,76.5514045,18.2276,1.3174608650000001,2.33,0.01848
LHS 1678 b,LHS 1678,68.1789866,-39.7908744,19.8782,0.7842931633333333,0.35,0.01245
LHS 1678 c,LHS 1678,68.1789866,-39.7908744,19.8782,0.9886135666666666,1.4,0.0329
LHS 1678 d,LHS 1678,68.1789866,-39.7908744,19.8782,0.91884623,,0.04
LHS 1815 b,LHS 1815,91.0899861,-55.3115376,29.8424,1.09690543,5.14,0.0404
LHS 1903 b,LHS 1903,107.865826,48.3279327,35.6917,1.4300449999999998,3.28,0.02656
LHS 1903 c,LHS 1903,107.865826,48.3279327,35.6917,2.40062,4.55,0.05387
LHS 1903 d,LHS 1903,107.865826,48.3279327,35.6917,2.46795,5.96,0.08604
LHS 1903 e,LHS 1903,107.865826,48.3279327,35.6917,1.732,5.79,0.15135
LHS 3154 b,LHS 3154,241.6367309,40.9068221,15.7606,,13.15,0.02262
LHS 3844 b,LHS 3844,340.4962038,-69.1721081,14.8846,1.3150076866666667,2.37,0.006229999999999999
LHS 475 b,LHS 475,290.2379403,-82.5597883,12.4814,1.0022651366666666,,0.02037
LP 261-75 b,LP 261-75 A,147.7685281,35.9685562,33.928,,6674.396547,450.0
LP 714-47 b,LP 714-47,64.1902212,-12.0848643,52.616,4.826156675,30.8,0.0417
LP 791-18 b,LP 791-18,165.6904843,-16.4064445,26.4927,1.1748797366666668,,0.009735
LP 791-18 c,LP 791-18,165.6904843,-16.4064445,26.492699999999996,2.4569739333333334,7.12,0.030028
LP 791-18 d,LP 791-18,165.6904843,-16.4064445,26.4927,1.032,0.905,0.01992
LP 890-9 b,LP 890-9,64.1309096,-28.3157909,32.4298,1.335680315,13.2,0.01875
LP 890-9 c,LP 890-9,64.1309096,-28.3157909,32.4298,1.367,25.3,0.03984
LSPM J2116+0234 b,LSPM J2116+0234,319.1147513,2.5807711,17.6297,,13.3,0.0876
LTT 1445 A b,LTT 1445 A,45.4624781,-16.5944956,6.86929,1.3467359016666667,2.5300000000000002,0.03366
LTT 1445 A c,LTT 1445 A,45.4624781,-16.5944956,6.86929,1.2723333333333333,1.3033333333333335,0.02526666666666667
LTT 3780 b,LTT 3780,154.6449033,-11.717801,21.9814,1.29352894,2.4725,0.012029999999999999
LTT 3780 c,LTT 3780,154.6449033,-11.717801,21.981399999999997,2.347358874,7.4875,0.07621
PZ Tel b,PZ Tel,283.2745823,-50.1808952,47.0648,,8581.366989,27.0
Proxima Cen b,Proxima Cen,217.39346570000004,-62.67618209999999,1.30119,,1.09875,0.048385
Proxima Cen d,Proxima Cen,217.3934657,-62.6761821,1.30119,,0.26,0.02883
RR Cae b,RR Cae,65.2733756,-48.6542601,21.1916,,1334.886,5.3
Ross 128 b,Ross 128,176.9376036,0.7992898,3.37454,,1.4,0.0496
Ross 176 b,Ross 176,305.6897438,47.3086191,46.4488,2.032235,4.57,0.0464
Ross 458 c,Ross 458,195.1912147,12.3755996,11.5094,14.01125,1906.98,1100.0
Ross 508 b,Ross 508,230.9613022,17.4605347,11.2103,,4.0,0.05366
TIC 231949697 b,TIC 231949697,94.2576817,-43.3661845,50.2408,1.63068799,,
TOI-1011 b,TOI-1011,113.9847611,-32.8419988,52.62,1.44828,4.04,
TOI-1075 b,TOI-1075,309.9712091,-65.4496994,61.4592,1.8158192199999998,9.95,0.011695
TOI-1080 b,TOI-1080,276.3683249,-52.214573,25.559,1.2152551,10.7,0.0272
TOI-1130 b,TOI-1130,286.3760037,-41.4376399,58.26090000000001,3.65620833,19.54,0.04460333333333333
TOI-1130 c,TOI-1130,286.3760037,-41.4376399,58.2609,14.21787421,319.88749369749996,0.07199666666666667
TOI-1184 b,TOI-1184,272.2045196,60.6787845,58.5946,2.3689489625,6.8,0.0560135
TOI-1201 b,TOI-1201,42.2476999,-14.5372835,37.8871,2.316879255,6.28,0.0287
TOI-1203 b,TOI-1203,168.2267358,-34.4069371,64.9943,1.52,3.51,0.04869
TOI-1203 c,TOI-1203,168.2267358,-34.4069371,64.9943,,5.46,
TOI-1203 e,TOI-1203,168.2267358,-34.4069371,64.9943,,42.1,
TOI-1203.01,TOI-1203,168.2267358,-34.4069371,64.9943,3.2140486999999998,7.39,0.1632
TOI-122 b,TOI-122,332.9482355,-58.946085000000004,62.118,2.6773881700000004,,0.0392
TOI-1224 b,TOI-1224,37.1978356,-80.8991053,37.3312,2.10319269,,0.0355
TOI-1224 c,TOI-1224,37.1978356,-80.8991053,37.3312,3.13395621,,
TOI-1231 b,TOI-1231,156.74726,-52.4678724,27.6227,3.764284,15.4,0.1288
TOI-1233.01,HD 108236,186.5740627,-51.3630519,64.5978,2.7680410325,,0.11025
TOI-1235 b,TOI-1235,152.2182549,69.2766204,39.6345,1.7817375,6.5,0.038355
TOI-1243 b,TOI-1243,135.7326412,71.6364158,43.1865,2.2630753649999997,7.7,
TOI-1266 b,TOI-1266,197.9965833,65.8336973,36.0118,2.48742828,9.5225,0.073475
TOI-1266 c,TOI-1266,197.9965833,65.8336973,36.0118,1.8508456460000002,3.6625,0.1048
TOI-1266 d,TOI-1266,197.9965833,65.8336973,36.0118,,4.135,0.15065
TOI-139 b,TOI-139,336.4024144,-34.9097131,42.4061,2.3951824,,
TOI-1411 b,TOI-1411,232.946047,47.0555507,32.4778,1.3209353066666667,2.0,0.022109999999999998
TOI-1416 b,TOI-1416,216.9234892,41.9529862,55.0135,1.610185,3.48,0.019
TOI-1442 b,TOI-1442,287.2921006,74.1742762,41.1659,1.17668894,,0.0071
TOI-1450 A b,TOI-1450 A,286.8540627,59.0866254,22.4467,1.11124038,1.258,
TOI-1450 A c,TOI-1450 A,286.8540627,59.0866254,22.4467,,1.527,
TOI-1452 b,TOI-1452,290.1739741,73.1951082,30.5212,1.64524719,4.82,0.061
TOI-1467 b,TOI-1467,19.1146441,49.2331382,37.4418,1.8252774999999999,9.0,0.050415999999999996
TOI-1468 b,TOI-1468,16.6538724,19.2249195,24.739899999999995,1.3786209733333334,3.125,0.02107
TOI-1468 c,TOI-1468,16.6538724,19.2249195,24.739899999999995,2.0678586633333333,5.369999999999999,0.08608
TOI-1470 b,TOI-1470,10.0891431,61.2133868,51.9503,2.24757483,7.32,0.0285
TOI-1470 c,TOI-1470,10.0891431,61.2133868,51.9503,2.47,7.24,0.106
TOI-1634 b,TOI-1634,56.39060959999999,37.1122803,35.2736,1.780277082,6.880000000000001,0.015263333333333332
TOI-1634 c,TOI-1634,56.3906096,37.1122803,35.2736,,,
TOI-1680 b,TOI-1680,292.313979,65.9738018,37.2209,1.44312296,,0.03144
TOI-1683.01,TOI-1683,65.9796504,27.8223701,51.1884,2.563024315,,0.036507593
TOI-1685 b,TOI-1685,68.5939529,43.0370395,37.6153,1.5583800875,3.28,0.011525666666666665
TOI-1693 b,TOI-1693,90.3083455,34.7730904,30.7947,1.48373672,,0.0226
TOI-1695 b,TOI-1695,21.921734599999997,72.2966148,45.1309,1.9097655366666666,5.93,0.033548
TOI-1696 b,TOI-1696,65.280648,48.8198312,64.9172,3.1671284400000004,52.7,0.0232
TOI-1718 b,TOI-1718,112.0180254,30.3217322,52.3044,4.1757849700000005,,
TOI-1728 b,TOI-1728,120.6116787,64.7971531,60.798,4.99475,26.78,0.0391
TOI-1743 b,TOI-1743,257.7473322,71.8722039,41.2758,2.567555,,0.03589
TOI-1759 b,TOI-1759,326.8516615,62.7538164,40.0654,3.102808995,10.866666666666667,0.11676666666666667
TOI-1774.01,TOI-1774,148.1619305,35.111008,53.974,2.806553856666666,8.5,
TOI-1776 b,TOI-1776,164.7772913,40.9837182,44.647,1.3097594799999999,1.4,0.0378
TOI-178 b,TOI-178,7.3020115,-30.4541159,62.699,1.176,1.23,0.02607
TOI-178 c,TOI-178,7.3020115,-30.4541159,62.69899999999999,1.6459456366666665,4.705,0.037
TOI-178 d,TOI-178,7.3020115,-30.4541159,62.69899999999999,2.6039133333333333,4.105,0.0592
TOI-178 e,TOI-178,7.3020115,-30.4541159,62.69899999999999,2.2629108866666665,3.67,0.0783
TOI-178 f,TOI-178,7.3020115,-30.4541159,62.69899999999999,2.44122555,6.675,0.1039
TOI-178 g,TOI-178,7.3020115,-30.4541159,62.69899999999999,3.1866679999999996,4.17,0.1275
TOI-1799 b,TOI-1799,167.2329152,34.3030149,62.1274,1.5640345166666665,4.0,0.071751
TOI-1801 b,TOI-1801,175.57559950000004,23.0270335,30.679600000000004,2.0095096066666667,10.869,0.075
TOI-1806.01,TOI-1806,166.1181474,30.4585763,55.5211,3.1253583000000003,,0.087735044
TOI-1807 b,TOI-1807,201.2826259,38.9223671,42.5775,1.4159639575,2.505,0.010773333333333334
TOI-1824 b,TOI-1824,197.7312286,61.7448492,59.4314,2.59920845,16.0,0.151
TOI-1846 b,TOI-1846,257.9549645,54.5278483,47.2496,1.7911002900000002,,0.03646
TOI-1860 b,TOI-1860,226.4567308,64.0476821,45.864,1.19915,,0.0204
TOI-198 b,TOI-198,2.2715087,-27.121745200000003,23.726199999999995,1.4000316866666667,3.17,0.08375
TOI-2015 b,TOI-2015,232.1326528,27.361073,47.3444,4.025243333333333,12.799999999999999,0.029711
TOI-2015 c,TOI-2015,232.1326528,27.361073,47.3444,,8.91,0.041232
TOI-2018 b,TOI-2018,229.8374423,29.2078771,27.9956,2.27207818,9.2,
TOI-206 b,TOI-206,73.7382202,-62.521874,47.7465,1.416634105,,0.0112
TOI-2068 b,TOI-2068,186.27356,60.4183455,52.9328,2.093665385,,0.0632
TOI-2076 b,TOI-2076,217.3920159,39.7903991,41.9091,2.52982435,11.4,0.0767775
TOI-2076 c,TOI-2076,217.3920159,39.7903991,41.9091,3.5787211739999996,31.1,0.120125
TOI-2076 d,TOI-2076,217.3920159,39.7903991,41.9091,3.2526175020000005,18.15,0.166225
TOI-2076 e,TOI-2076,217.3920159,39.7903991,41.9091,1.3279999999999998,4.7,0.038565
TOI-2081 b,TOI-2081,264.3022634,53.0255666,62.3446,1.99396451,,0.0752
TOI-2094 b,TOI-2094,254.1425333,70.0273157,50.0248,1.8075635449999998,,0.136
TOI-2095 b,TOI-2095,285.6365235,75.4185135,41.9176,1.2828286233333335,4.1,0.101
TOI-2095 c,TOI-2095,285.6365235,75.4185135,41.9176,1.38917487,7.4,0.1375
TOI-2096 b,TOI-2096,151.6186989,74.8272107,48.4809,1.4329897850000002,,0.025
TOI-2096 c,TOI-2096,151.6186989,74.8272107,48.4809,1.97773552,,0.04
TOI-2120 b,TOI-2120,23.507315,65.5139877,32.1755,2.378306215,6.8,0.0377
TOI-2128 b,TOI-2128,256.9817998,32.1053027,36.578,2.3589136899999996,4.5,0.127
TOI-2134 b,TOI-2134,271.9355015,39.0729269,22.6202,2.954415,9.13,0.078
TOI-2134 c,TOI-2134,271.9355015,39.0729269,22.6202,6.819210000000001,49.545,0.301
TOI-2136 b,TOI-2136,281.1763433,36.5631318,33.3631,2.162645065,8.69,0.054766666666666665
TOI-2194 b,TOI-2194,299.1563393,-31.3351812,19.5711,1.84485,,
TOI-2257 b,TOI-2257,194.7396141,77.6617157,57.7911,2.2096847950000003,,0.145
TOI-2266 b,TOI-2266,245.2800398,31.5770413,51.6004,1.758159365,,0.02
TOI-2274 b,TOI-2274,277.459311,40.5414117,48.876,2.141738445,,0.05
TOI-2285 b,TOI-2285,332.5632644,58.70609340000001,42.409,1.6960378633333333,19.5,0.1363
TOI-2322 b,TOI-2322,116.9731027,-71.0019671,59.861,1.0118399999999999,2.31,0.0924
TOI-2322 c,TOI-2322,116.9731027,-71.0019671,59.861,1.891512465,18.1,0.1362
TOI-237 b,TOI-237,353.2435381,-29.416487,38.0749,1.5787704649999998,,0.0341
TOI-2406 b,TOI-2406,8.8060544,-3.3720833,55.419000000000004,2.84087265,15.6,0.022735
TOI-2411 b,TOI-2411,20.9224567,-8.7017944,59.5362,1.7144544050000001,,0.0144
TOI-2427 b,TOI-2427,52.2917315,-31.3628665,28.5147,1.8992200000000001,,0.0202
TOI-2431 b,TOI-2431,37.7652989,8.3816255,36.0559,3.564765,6.2,0.0063
TOI-244 b,TOI-244,10.5697537,-36.7179743,22.0337,1.2737043766666667,2.68,0.06445
TOI-2443 b,TOI-2443,40.1798608,1.1996757,23.9258,2.60766309,4.8,0.105
TOI-2445 b,TOI-2445,43.3161555,0.0523366,48.582,1.32810733,,0.0064
TOI-2459 b,TOI-2459,82.1433321,-39.3730456,36.6113,2.944816835,,
TOI-260 b,TOI-260,4.7730178,-9.9661505,20.1852,1.7223347066666665,3.765,0.09265
TOI-262 b,TOI-262,32.534687,-31.0706272,43.932,2.0685727949999997,,0.163
TOI-269 b,TOI-269,75.8462827,-54.1777213,57.0225,2.85602198,8.8,0.0345
TOI-270 b,TOI-270,68.4160804,-51.95739369999999,22.4793,1.252493324,1.5133333333333334,0.03206333333333333
TOI-270 c,TOI-270,68.4160804,-51.9573937,22.4793,2.3668988825,6.175000000000001,0.04623
TOI-270 d,TOI-270,68.4160804,-51.95739369999999,22.4793,2.0952801819999998,4.49,0.0727
TOI-277 b,TOI-277,19.0766985,-20.9532772,64.6692,3.452832235,,0.0269
TOI-286 b,TOI-286,90.9842762,-60.6663348,59.2293,1.45481055,4.53,0.0503
TOI-286 c,TOI-286,90.9842762,-60.6663348,59.2293,1.862775,3.72,0.213
TOI-3884 b,TOI-3884,181.57183410000002,12.5070258,43.1448,6.063530126666667,24.545,0.035750000000000004
TOI-406 c,TOI-406,49.2626428,-42.2441492,31.0597,1.29657769,2.08,0.0322
TOI-406.01,TOI-406,49.2626428,-42.2441492,31.059700000000003,2.000158196666667,6.57,0.0832087675
TOI-411 b,HD 22946,54.819538,-42.76302760000001,62.7792,1.4532948899999998,13.71,0.055035
TOI-411 c,HD 22946,54.819538,-42.76302760000001,62.7792,2.280819543333333,9.72,0.0978
TOI-431 b,TOI-431,83.2692502,-26.7238698,32.5686,1.37707647,3.07,0.0113
TOI-431 c,TOI-431,83.2692502,-26.7238698,32.5686,,2.83,0.052
TOI-431 d,TOI-431,83.2692502,-26.7238698,32.5686,3.2854745899999998,9.9,0.098
TOI-4336 A b,TOI-4336 A,206.1070129,-40.3373505,22.5455,2.10208009,3.33,0.08605
TOI-4336 A c,TOI-4336 A,206.1070129,-40.3373505,22.5455,1.251,1.55,0.05092
TOI-4342 b,TOI-4342,324.3894196,-77.9791468,61.5204,2.2890469533333335,7.3,0.052205
TOI-4342 c,TOI-4342,324.3894196,-77.9791468,61.5204,2.4094081733333335,4.8,0.0809
TOI-4364 b,TOI-4364,80.066927,-4.2392481,43.9662,2.051853505,,0.04753
TOI-4438 b,TOI-4438,270.3172389,35.5948992,30.0346,2.47162148,5.4,0.052250000000000005
TOI-444 b,TOI-444,64.1839982,-26.7664071,57.3973,3.03350987,,0.133
TOI-4443.01,TOI-4443,274.2686643,21.9095459,56.0739,1.71932649,,0.029962645
TOI-4527.01,TOI-4527,19.4722574,5.4711996,18.1037,0.90866172,,0.008332353
TOI-4529 b,TOI-4529,16.9688462,12.8809549,28.384,1.8506991633333332,4.9,
TOI-4552 b,TOI-4552,264.7142556,-47.6370457,27.2684,1.19505619,1.83,0.0056255
TOI-4559 b,TOI-4559,211.0135378,-30.0141252,31.6354,1.4574967349999999,,0.0359
TOI-4602.01,TOI-4602,60.6003316,31.3298354,63.0637,2.4568395,,0.05099712
TOI-480 b,TOI-480,88.3784618,-16.2653974,54.5306,2.834105815,20.8,0.077
TOI-500 b,TOI-500,106.559098,-47.5878156,47.3924,1.2283924766666665,1.42,0.012345
TOI-500 c,TOI-500,106.559098,-47.5878156,47.3924,,5.03,
TOI-500 d,TOI-500,106.559098,-47.5878156,47.3924,,33.12,
TOI-500 e,TOI-500,106.559098,-47.5878156,47.3924,,15.05,
TOI-5082.01,TOI-5082,106.569578,22.6831477,43.1406,2.59556,,0.051204842
TOI-5159 b,TOI-5159,142.7859562,20.0193431,55.1788,1.58037802,,
TOI-521 b,TOI-521,123.3442567,12.2221079,60.9425,1.97265162,5.3,0.0195
TOI-5319 b,TOI-5319,35.2135563,23.5204408,61.171,3.288405,,0.0506
TOI-5388.01,TOI-5388,152.1765169,35.5475571,18.5226,1.59284,2.2,0.024335855
TOI-540 b,TOI-540,76.3096949,-47.9375391,14.0022,0.93423532,,0.01223
TOI-544 b,TOI-544,82.2900716,-0.34289830000000004,41.1166,2.069391356666667,2.89,0.0238
TOI-544 c,TOI-544,82.2900716,-0.3428983,41.1166,,21.5,
TOI-5489 b,TOI-5489,128.691294,11.4895882,45.0907,1.43122869,,
TOI-5489 c,TOI-5489,128.691294,11.4895882,45.0907,1.27919483,,
TOI-5713 b,TOI-5713,208.4587323,52.6027628,40.8668,1.81527365,,0.06008
TOI-5716 b,TOI-5716,201.9007989,73.1774325,39.4122,0.988837165,,
TOI-5720 b,TOI-5720,170.3135774,25.2732942,35.8256,1.24160952,4.3,0.018288
TOI-5728 b,TOI-5728,260.3509363,67.5504212,54.7045,1.21848035,,
TOI-5734 b,TOI-5734,111.2558179,37.2311218,32.5102,2.422533383333333,9.1,0.059954999999999994
TOI-5789 b,TOI-5789,302.7734475,16.1897138,20.4581,,2.12,0.03608
TOI-5789 c,TOI-5789,302.7734475,16.1897138,20.4581,2.6985200000000003,5.0,0.1009
TOI-5789 d,TOI-5789,302.7734475,16.1897138,20.4581,,4.29,0.1756
TOI-5789 e,TOI-5789,302.7734475,16.1897138,20.4581,,11.61,0.2901
TOI-5799 b,TOI-5799,301.630179,15.9891418,27.8123,1.80103482,,0.034967
TOI-5799 c,TOI-5799,301.630179,15.9891418,27.8123,1.76,,0.0782
TOI-5800 b,TOI-5800,305.0655462,-7.4119237,42.9052,2.6577005566666667,10.15,0.03445
TOI-6002 b,TOI-6002,299.6142524,32.2871702,32.0266,1.5994741000000001,,0.05722
TOI-6008 b,TOI-6008,310.4487344,49.6468992,23.1008,1.13827392,4.0,0.010777
TOI-6086 b,TOI-6086,265.3704236,30.3037755,31.4566,1.072530935,,0.01541
TOI-620 b,TOI-620,142.1734459,-12.1671652,33.0231,3.405169045,,0.04825
TOI-6255 b,TOI-6255,331.5031606,39.2988284,20.3167,1.02036928,1.44,
TOI-6281 b,TOI-6281,172.3785238,-40.6094246,57.7451,2.34900537,,
TOI-6324 b,TOI-6324,330.844543,67.4986773,20.5488,1.0485933333333335,1.17,
TOI-6478 b,TOI-6478,149.9918059,-16.1597935,38.6057,4.56755,,0.1136
TOI-654.01,TOI-654,164.7245509,-5.547544599999999,57.7553,2.4531972766666663,8.71,0.020230073
TOI-663 b,TOI-663,160.0658525,-8.5110827,64.2308,2.3506427,4.45,0.0295
TOI-663 c,TOI-663,160.0658525,-8.5110827,64.2308,2.4613187549999997,3.65,0.0437
TOI-663 d,TOI-663,160.0658525,-8.5110827,64.2308,1.9547622,5.2,0.0576
TOI-6716 b,TOI-6716,111.657082,-30.5521801,18.8873,0.9961213,,0.0319
TOI-674 b,TOI-674,164.5865592,-36.8581092,46.08509999999999,5.260300135,23.6,0.025
TOI-700 b,TOI-700,97.0957165,-65.5786149,31.1265,0.9806822074999999,,0.06636666666666667
TOI-700 c,TOI-700,97.0957165,-65.5786149,31.1265,2.6167302924999998,,0.09276666666666666
TOI-700 d,TOI-700,97.0957165,-65.5786149,31.1265,1.1841642774999999,,0.1632
TOI-700 e,TOI-700,97.0957165,-65.5786149,31.1265,0.95109289,,0.134
TOI-712 b,TOI-712,92.9361063,-65.8258386,58.6212,2.129318895,,0.07928
TOI-712 c,TOI-712,92.9361063,-65.8258386,58.6212,2.5781549999999998,,0.2447
TOI-712 d,TOI-712,92.9361063,-65.8258386,58.6212,2.256285,,0.3405
TOI-715 b,TOI-715,113.8523276,-73.5774089,42.4048,1.63226541,,0.083
TOI-7166 b,TOI-7166,320.6806363,8.8893975,35.4153,2.166818313333333,,0.056105
TOI-757 b,TOI-757,187.9948428,-35.5544523,60.3418,2.33942,10.5,0.122
TOI-771 b,TOI-771,164.1138903,-72.9851736,25.2788,1.3926956233333332,2.47,0.020749999999999998
TOI-771 c,TOI-771,164.1138903,-72.9851736,25.2788,,2.87,0.046
TOI-776 b,TOI-776,178.577997,-37.5533568,27.1701,1.8055771533333334,4.5,0.06525
TOI-776 c,TOI-776,178.577997,-37.5533568,27.1701,2.0556647433333333,6.1,0.10005
TOI-782 b,TOI-782,183.9203614,-18.9103377,52.5122,2.663332625,19.1,0.0578
TOI-784 b,HD 307842,159.3412205,-63.6556923,64.5997,1.886515,9.67,0.038
TOI-815 b,TOI-815,155.8719377,-43.8349248,59.7117,2.7819849999999997,7.6,0.0903
TOI-815 c,TOI-815,155.8719377,-43.8349248,59.7117,2.4019000000000004,23.5,0.193
TOI-824 b,TOI-824,222.1654705,-57.5888666,63.9262,2.939952835,18.467,0.02177
TOI-833 b,TOI-833,145.645472,-62.4758857,41.7148,1.3295154949999999,,0.0171
TOI-836 b,TOI-836,225.0798831,-24.4542022,27.5024,1.6982849999999998,4.53,0.0422
TOI-836.01,TOI-836,225.0798831,-24.4542022,27.502400000000005,2.65244,9.6,0.075
TOI-880 c,TOI-880,94.1644734,-13.987337,60.6679,4.99725,,0.0635
TOI-880.02,TOI-880,94.1644734,-13.987337000000002,60.6679,2.5819485833333333,,0.034545477500000005
TOI-904 b,TOI-904,89.3712733,-83.1297264,46.0891,2.3678065000000004,,0.056
TOI-904 c,TOI-904,89.3712733,-83.1297264,46.0891,2.25391705,,0.312
TOI-912 b,TOI-912,229.3285665,-80.4733446,26.1072,2.091243385,5.1,0.041
TYC 2187-512-1 b,TYC 2187-512-1,320.5266829,22.9319351,15.4744,,104.88337431,1.22
Teegarden's Star b,Teegarden's Star,43.2691449,16.8649024,3.83078,,1.105,0.02555
Teegarden's Star c,Teegarden's Star,43.2691449,16.8649024,3.83078,,1.08,0.044899999999999995
Teegarden's Star d,Teegarden's Star,43.2691449,16.8649024,3.83078,,0.82,0.0791
UCAC3 113-933 b,UCAC3 113-933,5.2758121,-33.8031679,52.5829,,6674.396547,6100.0
UCAC4 328-061594 b,UCAC4 328-061594,152.6991091,-24.4532674,39.9089,,6674.396547,19000.0
WASP-107 b,WASP-107,188.38642770000004,-10.1462141,64.7414,10.982601599999999,34.285416178333335,0.05536666666666667
WASP-107 c,WASP-107,188.3864277,-10.1462141,64.7414,,113.74664748333333,
WASP-69 b,WASP-69,315.0259661,-5.094857,49.9605,11.454451046666668,83.8952,0.0452675
WASP-80 b,WASP-80,303.1667996,-2.1444369,49.7876,11.006919963333333,174.42224000000002,0.034412
WD 0806-661 b,WD 0806-661,121.7275683,-66.3058835,19.2444,,2463.113628,2500.0
WD 1856+534 b,WD 1856+534,284.415675,53.50902440000001,24.7359,10.501847869999999,3019.3808582,0.020625
Wolf 1061 b,Wolf 1061,247.5748276,-12.6676866,4.30592,,1.635,0.036504499999999995
Wolf 1061 c,Wolf 1061,247.5748276,-12.6676866,4.30592,,3.83,0.08663499999999999
Wolf 1061 d,Wolf 1061,247.5748276,-12.6676866,4.30592,,6.455,0.33694999999999997
Wolf 1069 b,Wolf 1069,306.5242477,58.5753044,9.58341,,1.26,0.0672
Wolf 327 b,Wolf 327,148.3783199,35.570548,28.5321,1.3684765300000001,2.53,0.01
Wolf 503 b,Wolf 503,206.8461979,-6.1393369,44.526,1.968380075,6.265,0.05709333333333333
YZ Cet b,YZ Cet,18.1330792,-16.9962434,3.71207,,0.7000000000000001,0.015836666666666666
YZ Cet c,YZ Cet,18.1330792,-16.9962434,3.71207,,0.8999999999999999,0.016886666666666664
YZ Cet d,YZ Cet,18.1330792,-16.9962434,3.71207,,1.1466666666666667,0.02791666666666667
alf Ari b,alf Ari,31.793286,23.462421,20.21019,,572.07,1.2
alf Tau b,alf Tau,68.980174,16.509201,20.4332,,2056.3601,1.46
bet Pic b,bet Pic,86.8212337,-51.066148,19.7442,17.647425,3479.179292671429,9.20225
bet Pic c,bet Pic,86.8212337,-51.066148,19.7442,,2896.37505199,2.7000000000000006
bet UMi b,bet UMi,222.676495,74.155548,38.77472,,1938.7,1.4
eps Eri b,eps Eri,53.2284306,-9.4581715,3.2026,,313.9213235966667,3.442
eps Ind A b,eps Ind A,330.8714021,-56.7969023,3.63857,,1519.222374085,19.975
eps Tau b,eps Tau,67.1546573,19.1802782,47.52852,,2322.4963115825,1.9026666666666667
gam Cep b,gam Cep,354.8358233,77.6331009,14.1024,,1344.40799264,2.074666666666667
gam Lib b,gam Lib,233.8818636,-14.789502,47.4017,,341.03069314000004,1.2795
gam Lib c,gam Lib,233.8818636,-14.789502,47.4017,,1559.11089851,2.2439999999999998
gam Psc b,gam Psc,349.2946794,3.2823664,41.3107,,425.89006538,1.32
gam1 Leo b,gam1 Leo,154.993208,19.841389,39.8883,,2790.43,1.19
iot Dra b,iot Dra,231.2323227,58.9661403,31.32832,,3038.38472791,1.3245
iot Dra c,iot Dra,231.2323227,58.9661403,31.32832,,4958.1231492,19.4
kap And b,kap And,355.1025974,44.3338511,50.0177,,4197.73,58.0
kap CrB b,kap CrB,237.8080012,35.6558818,30.065099999999997,,592.6946845372727,2.700909090909091
mu Leo b,mu Leo,148.1898673,26.0067142,32.6081,,762.8,1.1
nu Oct A b,nu Oct A,325.3702792,-77.3910853,21.1999,,709.8167756333334,1.2553333333333334
nu Oph b,nu Oph,269.7566013,-9.7741342,46.2107,,7178.07316468,1.8183333333333334
nu Oph c,nu Oph,269.7566013,-9.7741342,46.2107,,7983.34730235,5.953333333333333
omi UMa b,omi UMa,127.5649503,60.7177048,54.9149,,1231.7472569800002,3.7954999999999997
pi Men c,HD 39091,84.2992798,-80.4646041,18.2702,2.045738,4.161018746666667,0.068582
pi Men d,HD 39091,84.2992798,-80.4646041,18.2702,,14.64,0.506
psi1 Dra B b,psi1 Dra B,265.4925754,72.1557114,22.7188,,486.2799,4.43
rho CrB b,rho CrB,240.2600639,33.3001861,17.4671,,351.00651250833334,0.22694
rho CrB c,rho CrB,240.26006390000003,33.3001861,17.4671,,28.053962804,0.4244
rho CrB e,rho CrB,240.2600639,33.3001861,17.4671,,3.75,0.1061
tau Boo b,tau Boo,206.81345930000003,17.4571647,15.6521,,1434.64355002,0.0479975
tau Cet f,tau Cet,26.0093029,-15.9337987,3.60304,,3.93,1.334
tau Cet g,tau Cet,26.0093029,-15.9337987,3.60304,,1.75,0.133
tau Cet h,tau Cet,26.0093029,-15.9337987,3.60304,,1.83,0.243
ups And b,ups And,24.1983534,41.4038147,13.4054,,220.927866945,0.0591202075
ups And c,ups And,24.1983534,41.4038147,13.4054,,1186.4246499442856,0.8307534285714285
ups And d,ups And,24.1983534,41.4038147,13.4054,,1582.2079343500002,2.53647
ups Leo b,ups Leo,174.2372188,-0.8235643,52.5973,,162.09248757,1.18
xi Aql b,xi Aql,298.5624491,8.4611051,56.1858,,716.3016459966666,0.6283333333333333
