pl_name,hostname,pl_rade,pl_bmasse,pl_orbsmax,sy_dist,planet_type,nasa_exoplanet_id
14 Her b,14 Her,,1774.1935064244444,2.8174444444444444,17.9323,Unknown,1
16 Cyg B b,16 Cyg B,,533.5145281766667,1.6628333333333334,21.1397,Unknown,2
2MASS J01225093-2439505 b,2MASS J01225093-2439505,11.209,7786.5,52.0,33.8281,Gigante Gaseoso,3
2MASS J12073346-3932539 b,2MASS J12073346-3932539,15.69257298,1504.2859054666667,50.5,64.308,Gigante Gaseoso,4
2MASS J21252752-8138278 b,2MASS J21252752-8138278,,3813.940884,7493.0,34.1154,Unknown,5
2MASS J22501512+2325342 b,2MASS J22501512+2325342,,9534.85221,518.0,57.2309,Unknown,6
47 UMa b,47 UMa,,808.8531927116668,2.097166666666667,13.7967,Unknown,7
47 UMa c,47 UMa,,229.86292957,4.54675,13.7967,Unknown,8
47 UMa d,47 UMa,,500.570447285,12.7,13.7967,Unknown,9
51 Eri b,51 Eri,,1801.0287016666668,12.4,29.7575,Unknown,10
51 Peg b,51 Peg,,148.36025617,0.0522624999999999,15.4614,Unknown,11
55 Cnc B b,55 Cnc B,,3.5,0.044,12.4773,Unknown,12
55 Cnc B c,55 Cnc B,,5.3,0.13,12.4773,Unknown,13
55 Cnc b,55 Cnc,,262.35516502071425,0.1140440892857142,12.5855,Unknown,14
55 Cnc c,55 Cnc,,54.95810676,0.2391826,12.5855,Unknown,15
55 Cnc d,55 Cnc,,1137.1788515633334,5.57525,12.5855,Unknown,16
55 Cnc e,55 Cnc,1.968111213,8.664737200666668,0.0190061466923076,12.5855,Super-Tierra,17
55 Cnc f,55 Cnc,,46.737643336666665,0.7780111111111112,12.5855,Unknown,18
6 Lyn b,6 Lyn,,675.4694583925,2.1295,54.6599,Unknown,19
61 Vir b,61 Vir,,5.339012449999999,0.0496903333333333,8.50332,Unknown,20
61 Vir c,61 Vir,,17.38463341,0.2155,8.50332,Unknown,21
61 Vir d,61 Vir,,16.91,0.47185,8.50332,Unknown,22
7 CMa b,7 CMa,,703.161825,1.847,19.8101,Unknown,23
7 CMa c,7 CMa,,283.20605,2.1790000000000003,19.8101,Unknown,24
70 Vir b,70 Vir,,2315.677210435,0.4764166666666666,17.9011,Unknown,25
91 Aqr b,91 Aqr,,1017.0,0.7,44.0304,Unknown,26
AB Pic b,AB Pic,,4290.5,260.0,50.0475,Unknown,27
AF Lep b,AF Lep,,1276.843842282,8.7392,26.8564,Unknown,28
AU Mic b,AU Mic,4.1458838775,18.552425,0.0662625,9.7221,Neptuniano,29
AU Mic c,AU Mic,2.780404132,14.276666666666666,0.1098833333333333,9.7221,Neptuniano,30
AU Mic d,AU Mic,,1.053,,9.7221,Unknown,31
AU Mic e,AU Mic,,28.15,,9.7221,Unknown,32
BD+05 4868 A b,BD+05 4868 A,,6.2,0.0208,43.5687,Unknown,33
BD+14 4559 b,BD+14 4559,,398.8666,0.7785,49.352,Unknown,34
BD+45 564 b,BD+45 564,,432.24663352,0.83,53.622,Unknown,35
BD+55 362 b,BD+55 362,,228.83645304,0.78,52.5697,Unknown,36
BD+60 1417 b,BD+60 1417,14.68376472,4767.426105,1662.0,44.9543,Gigante Gaseoso,37
BD+63 1405 b,BD+63 1405,,2282.00796226,2.0875000000000004,38.0473,Unknown,38
BD-06 1339 b,BD-06 1339,,765.76686317,0.0428,20.2695,Unknown,39
BD-06 1339 c,BD-06 1339,,53.0,0.435,20.2695,Unknown,40
BD-08 2823 b,BD-08 2823,,991.86911058,0.0579999999999999,41.3342,Unknown,41
BD-08 2823 c,BD-08 2823,,104.0,0.68,41.3342,Unknown,42
BD-11 4672 b,BD-11 4672,,187.51475,2.32,27.1665,Unknown,43
BD-11 4672 c,BD-11 4672,,15.37,0.3,27.1665,Unknown,44
BD-17 63 b,BD-17 63,,1383.343057555,1.34,34.4603,Unknown,45
BD-210397 b,BD-210397,,214.0,2.63,23.7324,Unknown,46
BD-210397 c,BD-210397,,1235.08977763,5.920000000000001,23.7324,Unknown,47
Barnard b,Barnard's star,,0.3345,0.02292,1.82655,Unknown,48
Barnard c,Barnard's star,,0.335,0.0274,1.82655,Unknown,49
Barnard d,Barnard's star,,0.263,0.0188,1.82655,Unknown,50
Barnard e,Barnard's star,,0.193,0.0381,1.82655,Unknown,51
CD Cet b,CD Cet,,3.95,0.0185,8.60715,Unknown,52
CD-35 2722 b,CD-35 2722,17.37392009,9614.30931175,67.0,22.3896,Gigante Gaseoso,53
COCONUTS-2 b,COCONUTS-2 A,12.44196858,2272.4731100500003,7506.0,10.8864,Gigante Gaseoso,54
CWISEP J193518.59-154620.3 b,CWISEP J193518.59-154620.3,,4926.3403085,2.48,14.43,Unknown,55
DE CVn b,DE CVn,,3823.27330161,5.75,30.5225,Unknown,56
DMPP-1 b,DMPP-1,,20.535,0.14425,62.5388,Unknown,57
DMPP-1 c,DMPP-1,,10.27,0.0853,62.5388,Unknown,58
DMPP-1 d,DMPP-1,,4.035,0.043435,62.5388,Unknown,59
DMPP-1 e,DMPP-1,,4.13,0.0651,62.5388,Unknown,60
DMPP-3 A b,DMPP-3 A,,2.61,0.0639933333333333,45.7839,Unknown,61
DMPP-4 b,DMPP-4,,12.2,0.04853,25.3284,Unknown,62
DMPP-6 b,DMPP-6,,5.8,0.0779,54.6303,Unknown,63
DMPP-6 c,DMPP-6,,13.47,0.2206,54.6303,Unknown,64
DS Tuc A b,DS Tuc A,5.835256053333333,413.179,,44.0622,Neptuniano,65
G 192-15 b,G 192-15,,1.03,0.01723,9.53114,Unknown,66
G 192-15 c,G 192-15,,14.3,1.137,9.53114,Unknown,67
G 196-3 b,G 196-3,,8263.538582,350.0,21.7912,Unknown,68
G 261-6 b,G 261-6,,1.37,0.02971,10.6267,Unknown,69
G 264-012 b,G 264-012,,2.5,0.02279,16.009,Unknown,70
G 264-012 c,G 264-012,,3.75,0.0525,16.009,Unknown,71
G 9-40 b,G 9-40,1.99527,7.85,0.04015,27.9276,Super-Tierra,72
GJ 1002 b,GJ 1002,,1.08,0.0457,4.84867,Unknown,73
GJ 1002 c,GJ 1002,,1.36,0.0738,4.84867,Unknown,74
GJ 1061 b,GJ 1061,,1.2400000000000002,0.021,3.67278,Unknown,75
GJ 1061 c,GJ 1061,,1.775,0.0346,3.67278,Unknown,76
GJ 1061 d,GJ 1061,,1.6549999999999998,0.054,3.67278,Unknown,77
GJ 1132 b,GJ 1132,1.2060135116666666,1.677841365,0.0154433333333333,12.613,Terrestre,78
GJ 1132 c,GJ 1132,,2.64,0.0476,12.613,Unknown,79
GJ 1148 b,GJ 1148,,99.71774332333332,0.1660353333333333,11.0143,Unknown,80
GJ 1148 c,GJ 1148,,75.34769291,0.9211,11.0143,Unknown,81
GJ 1151 c,GJ 1151,,10.62,0.5714,8.03625,Unknown,82
GJ 1214 b,GJ 1214,2.656676222222222,6.948750142857143,0.0146866666666666,14.6427,Neptuniano,83
GJ 1252 b,GJ 1252,1.228628015,1.5766666666666669,0.009155,20.373,Terrestre,84
GJ 1265 b,GJ 1265,,7.4,0.026,10.2525,Unknown,85
GJ 1289 b,GJ 1289,,6.27,0.27,8.35147,Unknown,86
GJ 143 b,GJ 143,2.6523128700000003,26.665,0.19235,16.32,Neptuniano,87
GJ 15 A b,GJ 15 A,,4.604955253333333,0.0722999999999999,3.56228,Unknown,88
GJ 15 A c,GJ 15 A,,36.0,5.4,3.56228,Unknown,89
GJ 160.2 b,GJ 160.2,,10.2,0.053,25.8557,Unknown,90
GJ 163 b,GJ 163,,10.6,0.0607,15.1285,Unknown,91
GJ 163 c,GJ 163,,6.8,0.1254,15.1285,Unknown,92
GJ 163 d,GJ 163,,29.4,1.0304,15.1285,Unknown,93
GJ 179 b,GJ 179,,267.18464957,2.4523333333333333,12.356,Unknown,94
GJ 180 b,GJ 180,,7.395,0.0975,11.9407,Unknown,95
GJ 180 c,GJ 180,,6.4,0.129,11.9407,Unknown,96
GJ 180 d,GJ 180,,7.56,0.309,11.9407,Unknown,97
GJ 2030 b,GJ 2030,,4.76742611,0.034,37.0788,Unknown,98
GJ 2030 c,GJ 2030,,4069.15709482,16.761,37.0788,Unknown,99
GJ 2056 b,GJ 2056,,16.2,0.283,28.4434,Unknown,100
GJ 2126 b,GJ 2126,,413.1769291,0.71,38.129,Unknown,101
GJ 229 A c,GJ 229,,7.924683495,0.3615,5.75624,Unknown,102
GJ 229 b,GJ 229,,18.471978376666662,0.9846666666666668,5.756240000000001,Unknown,103
GJ 238 b,GJ 238,0.56442569,,0.02123,15.2142,Terrestre,104
GJ 251 b,GJ 251,,3.925,0.0813,5.58057,Unknown,105
GJ 251 c,GJ 251,,3.88,0.196,5.58057,Unknown,106
GJ 27.1 b,GJ 27.1,,13.0,0.101,23.6062,Unknown,107
GJ 273 b,GJ 273,,2.89,0.091101,5.921535,Unknown,108
GJ 273 c,GJ 273,,1.18,0.036467,5.921535,Unknown,109
GJ 3021 b,GJ 3021,,1071.04,0.49,17.5559,Unknown,110
GJ 3082 b,GJ 3082,,8.2,0.079,16.6186,Unknown,111
GJ 3090 b,GJ 3090,2.13868253,3.93,0.031625,22.4751,Neptuniano,112
GJ 3090 c,GJ 3090,,10.0,0.0997,22.4751,Unknown,113
GJ 3138 b,GJ 3138,,1.78,0.0197,28.4712,Unknown,114
GJ 3138 c,GJ 3138,,4.18,0.057,28.4712,Unknown,115
GJ 3138 d,GJ 3138,,10.5,0.698,28.4712,Unknown,116
GJ 317 b,GJ 317,,571.686077838,1.1138,15.1968,Unknown,117
GJ 317 c,GJ 317,,526.767949384,10.2625,15.1968,Unknown,118
GJ 3222 b,GJ 3222,,11.44182265,0.091,18.23817,Unknown,119
GJ 328 b,GJ 328,,764.374650785,4.305,20.5266,Unknown,120
GJ 328 c,GJ 328,,21.4,0.657,20.5266,Unknown,121
GJ 3293 b,GJ 3293,,24.63,0.143395,20.1903,Unknown,122
GJ 3293 c,GJ 3293,,23.405,0.362875,20.1903,Unknown,123
GJ 3293 d,GJ 3293,,7.6,0.19394,20.1903,Unknown,124
GJ 3293 e,GJ 3293,,3.28,0.08208,20.1903,Unknown,125
GJ 3323 b,GJ 3323,,2.02,0.03282,5.37484,Unknown,126
GJ 3323 c,GJ 3323,,2.31,0.1264,5.37484,Unknown,127
GJ 3341 b,GJ 3341,,6.6,0.089,23.619,Unknown,128
GJ 338 B b,GJ 338 B,,10.435,0.1415,6.33256,Unknown,129
GJ 341 b,GJ 341,0.8739435,4.0,,10.454,Terrestre,130
GJ 3470 b,GJ 3470,4.258643972857143,13.701666666666668,0.034566,29.4214,Neptuniano,131
GJ 3473 b,GJ 3473,1.23736694,1.86,0.01589,27.3644,Terrestre,132
GJ 3473 c,GJ 3473,,7.41,0.0876,27.3644,Unknown,133
GJ 3512 b,GJ 3512,,146.62508428333334,0.3375333333333333,9.48637,Unknown,134
GJ 3512 c,GJ 3512,,103.77097488500002,1.5115,9.48637,Unknown,135
GJ 357 b,GJ 357,1.228983333333333,1.84,0.0355,9.44181,Terrestre,136
GJ 357 c,GJ 357,,3.4,0.061,9.44181,Unknown,137
GJ 357 d,GJ 357,,6.1,0.204,9.44181,Unknown,138
GJ 3634 b,GJ 3634,,8.4,0.0287,20.3779,Unknown,139
GJ 367 b,GJ 367,1.3592533333333332,0.5895,0.007095,9.41263,Super-Tierra,140
GJ 367 c,GJ 367,,4.13,,9.41263,Unknown,141
GJ 367 d,GJ 367,,6.03,,9.41263,Unknown,142
GJ 3779 b,GJ 3779,,8.0,0.026,13.743,Unknown,143
GJ 3929 b,GJ 3929,1.1124289133333332,1.48,0.025445,15.8095,Terrestre,144
GJ 3929 c,GJ 3929,,5.71,0.081,15.8095,Unknown,145
GJ 393 b,GJ 393,,1.71,0.05402,7.03149,Unknown,146
GJ 3942 b,GJ 3942,,7.14,0.0608,16.9287,Unknown,147
GJ 3988 b,GJ 3988,,3.69,0.0405,9.9105,Unknown,148
GJ 3998 b,GJ 3998,,2.4850000000000003,0.0295,18.1459,Unknown,149
GJ 3998 c,GJ 3998,,6.54,0.0895,18.1459,Unknown,150
GJ 3998 d,GJ 3998,,6.07,0.189,18.1459,Unknown,151
GJ 411 b,GJ 411,,2.70464931,0.078362,5.675773,Unknown,152
GJ 414 A b,GJ 414 A,2.63,8.917037355,0.23635,11.8893,Neptuniano,153
GJ 414 A c,GJ 414 A,8.4,56.155213445,1.412,11.8893,Gigante Gaseoso,154
GJ 422 b,GJ 422,,10.485,0.1149999999999999,12.6631,Unknown,155
GJ 4274 b,GJ 4274,,2.97,0.0153,7.23556,Unknown,156
GJ 4274 c,GJ 4274,,8.39,0.186,7.23556,Unknown,157
GJ 4276 b,GJ 4276,,16.57,0.082,21.3362,Unknown,158
GJ 433 b,GJ 433,,5.8724,0.06,9.06456,Unknown,159
GJ 433 c,GJ 433,,38.711,4.2095,9.06456,Unknown,160
GJ 433 d,GJ 433,,5.223,0.178,9.06456,Unknown,161
GJ 436 b,GJ 436,4.081531284545455,22.621083661875,0.0288135714285714,9.75321,Neptuniano,162
GJ 463 b,GJ 463,,810.3829807475,3.53,18.3554,Unknown,163
GJ 480 b,GJ 480,,11.0,0.068,14.2358,Unknown,164
GJ 486 b,GJ 486,1.3152848499999998,2.8633333333333333,0.0172033333333333,8.07426,Super-Tierra,165
GJ 504 b,GJ 504,12.10569916,1271.3,43.5,17.5299,Gigante Gaseoso,166
GJ 508.2 b,GJ 508.2,,587.98255295,4.85,16.6374,Unknown,167
GJ 514 b,GJ 514,,5.2,0.422,7.61778,Unknown,168
GJ 536 b,GJ 536,,6.083333333333333,0.0668033333333333,10.4092,Unknown,169
GJ 536 c,GJ 536,,5.89,0.1617,10.4092,Unknown,170
GJ 581 b,GJ 581,,16.513004514285715,0.0405880428571428,6.2981,Unknown,171
GJ 581 c,GJ 581,,5.6625786116666665,0.0724138333333333,6.298100000000001,Unknown,172
GJ 581 e,GJ 581,,1.8954,0.02871866,6.2981,Unknown,173
GJ 625 b,GJ 625,,2.82,0.078361,6.47249,Unknown,174
GJ 649 b,GJ 649,,91.21551364333334,1.1265,10.3796,Unknown,175
GJ 667 C b,GJ 667 C,,5.635249999999999,0.04998275,7.243959999999999,Unknown,176
GJ 667 C c,GJ 667 C,,4.03725,0.1245025,7.24396,Unknown,177
GJ 667 C e,GJ 667 C,,2.7,0.213,7.24396,Unknown,178
GJ 667 C f,GJ 667 C,,2.7,0.156,7.24396,Unknown,179
GJ 667 C g,GJ 667 C,,4.6,0.549,7.24396,Unknown,180
GJ 674 b,GJ 674,,11.09,0.039,4.54896,Unknown,181
GJ 676 A b,GJ 676 A,,1734.812186668,1.7974,16.0272,Unknown,182
GJ 676 A c,GJ 676 A,,3224.69243362,8.163,16.0272,Unknown,183
GJ 676 A d,GJ 676 A,,4.204646960000001,0.04015,16.0272,Unknown,184
GJ 676 A e,GJ 676 A,,8.758132183333332,0.184,16.0272,Unknown,185
GJ 680 b,GJ 680,,7977.4930157,10.138,9.67315,Unknown,186
GJ 682 b,GJ 682,,4.4,0.08,5.00671,Unknown,187
GJ 682 c,GJ 682,,8.7,0.176,5.00671,Unknown,188
GJ 685 b,GJ 685,,9.0,0.1344,14.3155,Unknown,189
GJ 687 b,GJ 687,,18.0599277275,0.1655825,4.54939,Unknown,190
GJ 687 c,GJ 687,,16.0,1.165,4.54939,Unknown,191
GJ 720 A b,GJ 720 A,,13.64,0.119,15.5575,Unknown,192
GJ 724 b,GJ 724,,10.75,0.04685,16.9658,Unknown,193
GJ 740 b,GJ 740,,2.96,0.029,11.1017,Unknown,194
GJ 806 b,GJ 806,1.504615,1.9,0.01406,12.0445,Super-Tierra,195
GJ 806 c,GJ 806,,5.8,0.0523,12.0445,Unknown,196
GJ 832 b,GJ 832,,252.5970939,3.5501666666666662,4.96435,Unknown,197
GJ 849 b,GJ 849,,287.1760634842857,2.3565,8.80058,Unknown,198
GJ 849 c,GJ 849,,293.5675052633333,4.962,8.80058,Unknown,199
GJ 86 b,GJ 86,,1310.5006,0.1123333333333333,10.7836,Unknown,200
GJ 876 b,GJ 876,,798.5533553277778,0.21191775,4.67517,Unknown,201
GJ 876 c,GJ 876,,242.73511336,0.132647,4.67517,Unknown,202
GJ 876 d,GJ 876,,7.001354208571429,0.0212137433333333,4.67517,Unknown,203
GJ 876 e,GJ 876,,16.393717773333332,0.3435666666666666,4.67517,Unknown,204
GJ 887 b,GJ 887,,5.0,0.0704666666666666,3.28786,Unknown,205
GJ 887 c,GJ 887,,8.1,0.1246666666666666,3.28786,Unknown,206
GJ 887 d,GJ 887,,6.1,0.212,3.28679,Unknown,207
GJ 887 e,GJ 887,,1.46,0.0417,3.28679,Unknown,208
GJ 896 A b,GJ 896 A,,718.29219982,0.63965,6.26022,Unknown,209
GJ 900 b,GJ 900 A,,3496.112477,12000.0,20.8065,Unknown,210
GJ 9066 c,GJ 9066,,69.171982735,0.875,4.471,Unknown,211
GJ 9404 b,GJ 9404,,11.9,0.0943,23.8839,Unknown,212
GJ 96 b,GJ 96,,19.66,0.291,11.9315,Unknown,213
GJ 9689 b,GJ 9689,,9.65,0.1139,30.6203,Unknown,214
GJ 9714 b,GJ 9714,,2988.54051102,12.319,20.5121,Unknown,215
GJ 9773 b,GJ 9773,,172.580825,2.921,15.9211,Unknown,216
GJ 9827 b,GJ 9827,1.592272222222222,4.457142857142857,0.01933,29.661,Super-Tierra,217
GJ 9827 c,GJ 9827,1.2402857142857144,1.6316666666666666,0.0403866666666666,29.661,Terrestre,218
GJ 9827 d,GJ 9827,2.009875,3.511428571428572,0.0569085714285714,29.661,Neptuniano,219
GU Psc b,GU Psc,14.179,3591.3,2000.0,47.5501,Gigante Gaseoso,220
Gaia-5 b,Gaia-5,,6633.07885409,,41.1813,Unknown,221
Gl 378 b,Gl 378,,13.02,0.039435,14.9545,Unknown,222
Gl 410 b,Gl 410,,8.4,0.0531,11.9324,Unknown,223
Gl 49 b,Gl 49,,5.63,0.0905,9.8528,Unknown,224
Gl 686 b,Gl 686,,6.787999999999999,0.0912333333333333,8.15728,Unknown,225
Gl 725 A b,Gl 725 A,,2.78,0.068,3.5214,Unknown,226
Gliese 12 b,Gliese 12,0.9396440675,4.94,0.0669,12.21,Terrestre,227
HAT-P-11 b,HAT-P-11,4.77072023076923,25.28466716,0.052791,37.7647,Neptuniano,228
HAT-P-11 c,HAT-P-11,,696.5963769200001,4.115,37.7647,Unknown,229
HD 100508 b,HD 100508,,381.3940884,6.11,32.7548,Unknown,230
HD 100777 b,HD 100777,,362.3212802033333,1.04,49.5336,Unknown,231
HD 101581 b,HIP 56998,0.967729145,,0.046,12.7781,Terrestre,232
HD 101581 c,HIP 56998,1.00572997,,0.0573,12.7781,Terrestre,233
HD 10180 c,HD 10180,,922.63652226,0.06411,38.9607,Unknown,234
HD 10180 d,HD 10180,,1106.5481848633333,0.128595,38.9607,Unknown,235
HD 10180 e,HD 10180,,25.3426575,0.2699,38.9607,Unknown,236
HD 10180 f,HD 10180,,23.423663,0.4929,38.9607,Unknown,237
HD 10180 g,HD 10180,,1140.0009461133334,1.4245,38.9607,Unknown,238
HD 10180 h,HD 10180,,65.031839,3.3905,38.9607,Unknown,239
HD 101930 b,HD 101930,,87.39875,0.301,30.0274,Unknown,240
HD 102117 b,HD 102117,,53.01294,0.15108,39.5792,Unknown,241
HD 102195 b,HD 102195,,146.0418148575,0.0493666666666666,29.3386,Unknown,242
HD 102843 b,HD 102843,,113.9,4.074,62.758,Unknown,243
HD 103197 b,HD 103197,,29.90235,0.2495,57.1463,Unknown,244
HD 103720 b,HD 103720,,197.046,0.0498,45.5352,Unknown,245
HD 103774 b,HD 103774,,116.0,0.07,56.4089,Unknown,246
HD 103891 b,HD 103891,,688.098501155,3.2625,55.5213,Unknown,247
HD 103949 b,HD 103949,,11.2,0.439,26.4997,Unknown,248
HD 104067 b,HD 104067,,59.114241655,0.26475,20.3632,Unknown,249
HD 104067 c,HD 104067,,13.2,0.1058,20.3632,Unknown,250
HD 105779 b,HD 105779,,203.41018048,3.38,55.2411,Unknown,251
HD 106252 b,HD 106252,,2480.493754,2.65586,38.185,Unknown,252
HD 10647 b,HD 10647,,302.7733333333333,2.039333333333333,17.3357,Unknown,253
HD 106515 A b,HD 106515 A,,3743.0410175325,4.520333333333333,34.0915,Unknown,254
HD 10697 b,HD 10697,,2006.3265445866664,2.1301666666666668,33.1205,Unknown,255
HD 107148 b,HD 107148,,65.63008331,0.3179,49.4156,Unknown,256
HD 107148 c,HD 107148,,19.89605828,0.1407,49.4156,Unknown,257
HD 108147 b,HD 108147,,105.041,0.103,38.92,Unknown,258
HD 108202 b,HD 108202,,931.23723251,3.6815,38.6846,Unknown,259
HD 108236 b,HD 108236,1.5847116633333334,,0.046085,64.5978,Super-Tierra,260
HD 108236 c,HD 108236,2.06524934,,0.06355,64.5978,Neptuniano,261
HD 108236 e,HD 108236,3.0685476033333337,,0.13835,64.5978,Neptuniano,262
HD 108236 f,HD 108236,2.017,,0.1758,64.5978,Neptuniano,263
HD 108341 b,HD 108341,,913.756957875,2.0145,48.9102,Unknown,264
HD 108874 b,HD 108874,,444.8752996057143,1.0492857142857142,59.5175,Unknown,265
HD 108874 c,HD 108874,,331.748511114,2.7194,59.5175,Unknown,266
HD 109271 b,HD 109271,,17.162,0.079,55.8716,Unknown,267
HD 109271 c,HD 109271,,24.154,0.196,55.8716,Unknown,268
HD 109286 b,HD 109286,,950.30693693,1.259,55.4156,Unknown,269
HD 109749 b,HD 109749,,87.93183333333333,0.0616666666666666,63.0821,Unknown,270
HD 109988 b,HD 109988,,6935.33366915,12.518,42.5279,Unknown,271
HD 110067 b,HD 110067,2.2,5.69,0.0793,32.1585,Neptuniano,272
HD 110067 c,HD 110067,2.388,6.3,0.1039,32.1585,Neptuniano,273
HD 110067 d,HD 110067,2.852,8.52,0.1362,32.1585,Neptuniano,274
HD 110067 e,HD 110067,1.94,3.9,0.1785,32.1585,Super-Tierra,275
HD 110067 f,HD 110067,2.601,5.04,0.2163,32.1585,Neptuniano,276
HD 110067 g,HD 110067,2.607,8.4,0.2621,32.1585,Neptuniano,277
HD 110537 b,HD 110537,,8612.83200129,16.714,45.0858,Unknown,278
HD 11112 b,HD 11112,,2598.56505563,13.38,44.3804,Unknown,279
HD 111232 b,HD 111232,,2350.595740025,2.0078,28.9571,Unknown,280
HD 111232 c,HD 111232,,6159.99127027,18.025,28.9571,Unknown,281
HD 111998 b,HD 111998,,1479.4948267999998,1.865,33.2237,Unknown,282
HD 112300 b,HD 112300,,5031.22368281,1.33,62.07324,Unknown,283
HD 113337 b,HD 113337,,973.4985928033332,0.971,36.18,Unknown,284
HD 113337 c,HD 113337,,5374.637276575,6.805,36.18,Unknown,285
HD 113538 b,HD 113538,,100.11,0.975,16.2817,Unknown,286
HD 113538 c,HD 113538,,260.61,2.435,16.2817,Unknown,287
HD 114386 b,HD 114386,,406.81522474,1.7466666666666668,27.9243,Unknown,288
HD 114386 c,HD 114386,,117.59651059,1.05,27.9243,Unknown,289
HD 114729 b,HD 114729,,292.20947780800003,2.0902000000000003,37.8063,Unknown,290
HD 114783 b,HD 114783,,331.168354586,1.1746,21.0628,Unknown,291
HD 114783 c,HD 114783,,368.68119545,5.0,21.0628,Unknown,292
HD 11505 b,HD 11505,,2510.52658689,20.247,38.9679,Unknown,293
HD 11506 b,HD 11506,,1489.01015638,2.715125,51.261,Unknown,294
HD 11506 c,HD 11506,,149.820936996,0.7310000000000001,51.261,Unknown,295
HD 11506 d,HD 11506,,3102.3230807266664,14.578333333333331,51.261,Unknown,296
HD 115404 A b,HD 115404 A,,30.82935548,0.088,10.9816,Unknown,297
HD 115404 A c,HD 115404 A,,3279.67133183,11.364,10.9816,Unknown,298
HD 117207 b,HD 117207,,611.6112894614287,3.769,32.3547,Unknown,299
HD 117618 b,HD 117618,,55.78573,0.174,37.7781,Unknown,300
HD 11964 b,HD 11964,,194.436153705,3.228333333333333,33.5369,Unknown,301
HD 11964 c,HD 11964,,24.67282799,0.23025,33.5369,Unknown,302
HD 121504 b,HD 121504,,433.96165,0.33,41.6592,Unknown,303
HD 12235 b,HD 12235,,10.48833743,0.054,31.7627,Unknown,304
HD 12235 c,HD 12235,,3135.69506346,22.21,31.7627,Unknown,305
HD 122562 c,HD 122562,,73.10053361,0.406,53.2528,Unknown,306
HD 124330 b,HD 124330,,238.37130525,0.86,60.1977,Unknown,307
HD 12484 b,HD 12484,,947.1334,0.297,48.3367,Unknown,308
HD 125271 b,HD 125271,,3465.60094993,10.817,39.3466,Unknown,309
HD 125595 b,HD 125595,,1183.52140059,0.08045,28.1989,Unknown,310
HD 125612 b,HD 125612,,1007.498116484,1.3322,57.6207,Unknown,311
HD 125612 c,HD 125612,,17.018080646666665,0.0511333333333333,57.6207,Unknown,312
HD 125612 d,HD 125612,,2293.7249018166667,4.080666666666667,57.6207,Unknown,313
HD 126525 b,HD 126525,,75.32571,1.837,37.6506,Unknown,314
HD 12661 b,HD 12661,,758.2873026642857,0.8238428571428571,37.8478,Unknown,315
HD 12661 c,HD 12661,,651.30201736,2.8729,37.8478,Unknown,316
HD 127506 b,HD 127506,,27.333243,0.287,22.5279,Unknown,317
HD 128311 b,HD 128311,,624.993014,1.0754,16.3292,Unknown,318
HD 128311 c,HD 128311,,1060.82603855,1.74675,16.3292,Unknown,319
HD 128356 b,HD 128356,,282.8687,0.87,26.1548,Unknown,320
HD 130322 b,HD 130322,,346.364880654,0.0905999999999999,31.876600000000003,Unknown,321
HD 133131 A b,HD 133131 A,,451.3186,1.44,51.4736,Unknown,322
HD 133131 A c,HD 133131 A,,133.4886,4.49,51.4736,Unknown,323
HD 133131 B b,HD 133131 B,,794.575,6.15,51.2993,Unknown,324
HD 134060 b,HD 134060,,10.1,0.0444,24.0125,Unknown,325
HD 134060 c,HD 134060,,29.29,2.3928,24.0125,Unknown,326
HD 134606 b,HD 134606,,9.09,0.1046,26.7909,Unknown,327
HD 134606 c,HD 134606,,11.31,0.3007,26.7909,Unknown,328
HD 134606 d,HD 134606,,44.8,1.941,26.7909,Unknown,329
HD 134606 e,HD 134606,,2.34,0.0527,26.7909,Unknown,330
HD 134606 f,HD 134606,,5.63,0.1784,26.7909,Unknown,331
HD 134987 b,HD 134987,,513.1645065939999,0.8156000000000001,26.1804,Unknown,332
HD 134987 c,HD 134987,,278.584780275,6.21,26.1804,Unknown,333
HD 135625 b,HD 135625,,731.0053361,5.4,56.518,Unknown,334
HD 136118 b,HD 136118,,4704.178252005,2.34,51.4359,Unknown,335
HD 136352 b,HD 136352,1.582803215,4.826,0.09622,14.682,Super-Tierra,336
HD 136352 c,HD 136352,2.77150696,11.124,0.1716599999999999,14.682,Neptuniano,337
HD 136352 d,HD 136352,2.229944203333333,9.472,0.42472,14.682,Neptuniano,338
HD 136925 b,HD 136925,,266.97586188,5.13,47.874,Unknown,339
HD 13724 c,HD 13724,,50.85254512,0.534,43.465,Unknown,340
HD 137388 b,HD 137388,,67.21955,0.89,40.4841,Unknown,341
HD 13808 b,HD 13808,,11.2,0.10519,28.2305,Unknown,342
HD 13808 c,HD 13808,,9.96,0.2554,28.2305,Unknown,343
HD 13931 b,HD 13931,,680.749845076,5.2402500000000005,47.3963,Unknown,344
HD 140901 b,HD 140901,,15.57359194,0.085,15.2528,Unknown,345
HD 140901 c,HD 140901,,1284.662421095,9.6105,15.2528,Unknown,346
HD 141004 b,HD 141004,,13.26741933,0.12315,11.8148,Unknown,347
HD 141399 b,HD 141399,,144.40052332000002,0.4183666666666667,37.0169,Unknown,348
HD 141399 c,HD 141399,,425.7855509666667,0.6947666666666666,37.0169,Unknown,349
HD 141399 d,HD 141399,,388.0697593466666,2.112933333333333,37.0169,Unknown,350
HD 141399 e,HD 141399,,211.2506647033333,4.798933333333333,37.0169,Unknown,351
HD 141937 b,HD 141937,,4458.851904985,1.5025666666666666,33.3622,Unknown,352
HD 142 A d,HD 142,,82.63538582,0.474,26.1853,Unknown,353
HD 142 b,HD 142,,758.9018740079999,1.026,26.1853,Unknown,354
HD 142 c,HD 142,,2574.523732355,8.3055,26.1853,Unknown,355
HD 142022 A b,HD 142022 A,,1481.5237718566666,2.966333333333333,34.2802,Unknown,356
HD 142415 b,HD 142415,,522.88805,1.0550000000000002,35.5318,Unknown,357
HD 143105 b,HD 143105,,384.5743,0.0379,46.7789,Unknown,358
HD 145377 b,HD 145377,,1871.9803,0.45,53.4884,Unknown,359
HD 145675 c,14 Her,,1983.7789736933332,16.108,17.9323,Unknown,360
HD 1461 b,HD 1461,,7.1877077175,0.0634793333333333,23.4534,Unknown,361
HD 1461 c,HD 1461,,6.32289532,0.1119,23.4534,Unknown,362
HD 147018 b,HD 147018,,674.0,0.2388,40.4256,Unknown,363
HD 147018 c,HD 147018,,2080.0,1.922,40.4256,Unknown,364
HD 147379 b,HD 147379,,26.41983887,0.3246,10.7643,Unknown,365
HD 147513 b,HD 147513,,385.0,1.32,12.9032,Unknown,366
HD 148156 b,HD 148156,,270.144,2.45,57.1289,Unknown,367
HD 149806 b,HD 149806,,4003.68444298,12.404,20.2727,Unknown,368
HD 150706 b,HD 150706,,816.801514505,9.1,28.2697,Unknown,369
HD 151450 b,HD 151450,,38.45723725,0.16,43.6002,Unknown,370
HD 151450 c,HD 151450,,1636.18063924,14.131,43.6002,Unknown,371
HD 15337 b,HD 15337,1.647001715,7.076333333333333,0.0523249999999999,44.8155,Super-Tierra,372
HD 15337 c,HD 15337,2.3686669775,7.897333333333333,0.1251499999999999,44.8155,Neptuniano,373
HD 153557 b,HD 153557,,20.34101805,0.068,17.9412,Unknown,374
HD 153557 c,HD 153557,,17.48056238,0.111,17.9412,Unknown,375
HD 153557 d,HD 153557,,8725.66108578,21.449,17.9412,Unknown,376
HD 153950 b,HD 153950,,902.61875,1.28,48.4549,Unknown,377
HD 154088 b,HD 154088,,6.6,0.134,18.2692,Unknown,378
HD 154345 b,HD 154345,,760.32041036875,4.221666666666667,18.284,Unknown,379
HD 154672 b,HD 154672,,1603.361,0.5966666666666667,63.0484,Unknown,380
HD 154857 b,HD 154857,,686.8645,1.2603333333333333,63.44820000000001,Unknown,381
HD 154857 c,HD 154857,,819.97,5.36,63.4482,Unknown,382
HD 155193 b,HD 155193,,238.37130525,1.04,57.7995,Unknown,383
HD 155358 b,HD 155358,,292.32585,0.635,43.6197,Unknown,384
HD 155358 c,HD 155358,,261.0,1.02,43.6197,Unknown,385
HD 155918 b,HD 155918,,7.62788177,0.03,27.561,Unknown,386
HD 155918 c,HD 155918,,1878.04805696,13.183,27.561,Unknown,387
HD 156098 b,HD 156098,,15.89142035,0.167,48.249,Unknown,388
HD 156098 c,HD 156098,,1661.6069118,8.415,48.249,Unknown,389
HD 156279 b,HD 156279,,3072.8725516120003,0.50074,36.1945,Unknown,390
HD 156279 c,HD 156279,,3045.5941350275,5.5056666666666665,36.1945,Unknown,391
HD 156411 b,HD 156411,,235.18,1.88,56.8655,Unknown,392
HD 156668 b,HD 156668,,4.440562943333334,0.05012,24.3323,Unknown,393
HD 156668 c,HD 156668,,31.49679513,1.57,24.3323,Unknown,394
HD 156846 b,HD 156846,,3357.2965333333336,1.0696666666666668,47.73319999999999,Unknown,395
HD 158259 b,HD 158259,1.28228,2.22,,27.0498,Super-Tierra,396
HD 158259 c,HD 158259,,5.6,,27.0498,Unknown,397
HD 158259 d,HD 158259,,5.41,,27.0498,Unknown,398
HD 158259 e,HD 158259,,6.08,,27.0498,Unknown,399
HD 158259 f,HD 158259,,6.14,,27.0498,Unknown,400
HD 15906 b,HD 15906,2.070750905,,0.09,45.5621,Neptuniano,401
HD 15906 c,HD 15906,2.93,,0.141,45.5621,Neptuniano,402
HD 159868 b,HD 159868,,677.59956,2.2175,55.8503,Unknown,403
HD 159868 c,HD 159868,,238.05172,1.016,55.8503,Unknown,404
HD 160691 b,HD 160691,,669.3584757285714,1.542,15.5981,Unknown,405
HD 160691 c,HD 160691,,889.85279816,5.117,15.5981,Unknown,406
HD 160691 d,HD 160691,,11.303675,0.09225,15.5981,Unknown,407
HD 160691 e,HD 160691,,674.95483725,0.9383333333333334,15.5981,Unknown,408
HD 16141 b,HD 16141,,81.56430058333333,0.3612999999999999,37.7861,Unknown,409
HD 16175 b,HD 16175,,1602.542425325,2.1245000000000003,59.859,Unknown,410
HD 162020 b,HD 162020,,3853.7236,0.077,30.8248,Unknown,411
HD 16417 b,HD 16417,,22.1,0.14,25.3936,Unknown,412
HD 164509 b,HD 164509,,146.67434500000002,0.8725,53.1119,Unknown,413
HD 164595 b,HD 164595,,16.14,0.23,28.254,Unknown,414
HD 164604 b,HD 164604,,2606.05523482,1.33875,39.3633,Unknown,415
HD 164604 c,HD 164604,,2717.43287985,5.556,39.3633,Unknown,416
HD 164922 b,HD 164922,,109.174854402,2.1268,22.0016,Unknown,417
HD 164922 c,HD 164922,,13.41135372,0.3390666666666667,22.0016,Unknown,418
HD 164922 d,HD 164922,,4.36782163,0.1026499999999999,22.0016,Unknown,419
HD 164922 e,HD 164922,,10.52012027,0.2292,22.0016,Unknown,420
HD 165131 b,HD 165131,,5991.06547195,3.565,57.4263,Unknown,421
HD 165155 b,HD 165155,,918.5287,1.13,63.3574,Unknown,422
HD 166724 b,HD 166724,,1164.8189733,5.295,45.1342,Unknown,423
HD 167042 b,HD 167042,,507.4886129275,1.286,49.6633,Unknown,424
HD 167677 b,HD 167677,,1040.888032925,2.8885,54.3258,Unknown,425
HD 168009 b,HD 168009,,9.53485221,0.1192,23.3032,Unknown,426
HD 168443 b,HD 168443,,2488.423312095714,0.2961999999999999,39.6245,Unknown,427
HD 168443 c,HD 168443,,5713.066751908571,2.878471428571429,39.6245,Unknown,428
HD 168746 b,HD 168746,,77.66095914249999,0.066485,41.5681,Unknown,429
HD 168863 b,HD 168863,,2285.18624633,10.9805,39.8979,Unknown,430
HD 16905 b,HD 16905,,3312.301714953333,8.127666666666668,39.7401,Unknown,431
HD 169830 b,HD 169830,,898.4136673025,0.802,37.6048,Unknown,432
HD 169830 c,HD 169830,,1758.1549568300002,3.31175,37.6048,Unknown,433
HD 170469 b,HD 170469,,199.7008552933333,2.184333333333333,60.178,Unknown,434
HD 171238 b,HD 171238,,1495.9025272,2.542666666666667,44.8113,Unknown,435
HD 175607 b,HD 175607,,1232.57896465,,40.3303,Unknown,436
HD 17674 b,HD 17674,,276.5121,1.42,44.4264,Unknown,437
HD 176986 b,HD 176986,,499.6182577233333,0.062958,27.7843,Unknown,438
HD 176986 c,HD 176986,,705.6384382033333,0.118755,27.7843,Unknown,439
HD 176986 d,HD 176986,,6.76,0.28149,27.7843,Unknown,440
HD 177565 b,HD 177565,,15.1,0.246,16.9179,Unknown,441
HD 177830 b,HD 177830,,481.35309816,1.1922,62.7674,Unknown,442
HD 177830 c,HD 177830,,40.363327165,0.50485,62.7674,Unknown,443
HD 178911 B b,HD 178911 B,,2273.861719498,0.340975,40.9727,Unknown,444
HD 179949 b,HD 179949,,291.8418173925,0.0446725,27.4573,Unknown,445
HD 180617 b,HD 180617,,12.207,0.33935,5.91059,Unknown,446
HD 181234 b,HD 181234,,3043.4639264320003,7.493399999999999,47.7458,Unknown,447
HD 18143 b,HD 18143,,10.80616584,0.088,22.5243,Unknown,448
HD 18143 c,HD 18143,,3177.64841319,17.53,22.5243,Unknown,449
HD 181433 b,HD 181433,,290.70511825166665,0.080606,26.8762,Unknown,450
HD 181433 c,HD 181433,,550.8745535616666,1.82682,26.8762,Unknown,451
HD 181433 d,HD 181433,,863.7600558233335,5.986694,26.8762,Unknown,452
HD 181720 b,HD 181720,,122.361,1.815,60.2046,Unknown,453
HD 183263 b,HD 183263,,1180.71646233625,1.502625,54.1955,Unknown,454
HD 183263 c,HD 183263,,2418.655996555,5.5464,54.1955,Unknown,455
HD 183579 b,HD 183579,3.536670695,17.099999999999998,0.1318666666666666,57.2651,Neptuniano,456
HD 184010 b,HD 184010,,98.52680617,0.94,60.7993,Unknown,457
HD 184010 c,HD 184010,,95.3485221,1.334,60.7993,Unknown,458
HD 184010 d,HD 184010,,143.02278315,1.92,60.7993,Unknown,459
HD 185269 b,HD 185269,,323.38575000000003,0.07775,51.9917,Unknown,460
HD 185283 b,HD 185283,,413.1769291,4.6,31.395,Unknown,461
HD 18599 b,HD 18599,2.611342876666667,24.8,0.049,38.5653,Neptuniano,462
HD 187085 b,HD 187085,,252.03294,2.075,45.8993,Unknown,463
HD 187123 b,HD 187123,,163.73927111285712,0.0424316666666666,45.9548,Unknown,464
HD 187123 c,HD 187123,,647.7905178560001,4.6072500000000005,45.9548,Unknown,465
HD 188015 b,HD 188015,,446.4308345933334,1.1933333333333334,50.6706,Unknown,466
HD 188641 b,HD 188641,,9333.03117155,12.027,64.3399,Unknown,467
HD 189567 b,HD 189567,,9.185,0.1137,17.9055,Unknown,468
HD 189567 c,HD 189567,,7.5,0.20135,17.9055,Unknown,469
HD 189733 b,HD 189733,12.97517375,363.9963766845455,0.0311366666666666,19.7638,Gigante Gaseoso,470
HD 190007 b,HD 190007,,15.98,0.092,12.7141,Unknown,471
HD 190228 b,HD 190228,,1768.7150849549998,2.3495,62.7146,Unknown,472
HD 190360 b,HD 190360,,487.75655396,4.065875,16.0069,Unknown,473
HD 190360 c,HD 190360,,21.057448338333334,0.12974,16.0069,Unknown,474
HD 190647 b,HD 190647,,617.1109166666666,2.1236666666666664,54.4738,Unknown,475
HD 191939 b,HD 191939,3.364212692,9.915,0.07936,53.6089,Neptuniano,476
HD 191939 c,HD 191939,3.1638135216666665,7.2125,0.17248,53.6089,Neptuniano,477
HD 191939 d,HD 191939,3.119249582,3.4,0.21084,53.6089,Neptuniano,478
HD 191939 e,HD 191939,,112.575,0.401,53.6089,Unknown,479
HD 191939 f,HD 191939,,1213.4486040533334,3.9033333333333338,53.6089,Unknown,480
HD 191939 g,HD 191939,,10.19,0.806,53.6089,Unknown,481
HD 192263 b,HD 192263,,216.5959735275,0.15079,19.6359,Unknown,482
HD 192310 b,HD 192310,,16.61851529,0.319475,8.79687,Unknown,483
HD 192310 c,HD 192310,,19.15,1.1815,8.79687,Unknown,484
HD 195019 b,HD 195019,,1165.7137467985715,0.1372,37.6681,Unknown,485
HD 196050 b,HD 196050,,1120.3421274583334,2.5191666666666666,50.674200000000006,Unknown,486
HD 196067 b,HD 196067,,3262.999642433333,4.9433333333333325,39.9346,Unknown,487
HD 196067 c,HD 196067,,10.4,,39.9346,Unknown,488
HD 196885 A b,HD 196885 A,,902.6144666666668,2.533333333333333,34.1692,Unknown,489
HD 197037 b,HD 197037,,251.0,2.07,33.1944,Unknown,490
HD 199509 b,HD 199509,,43.22466335,0.426,24.3056,Unknown,491
HD 19994 b,HD 19994,,484.6822,1.3624999999999998,22.5242,Unknown,492
HD 20003 b,HD 20003,,11.66,0.0974,41.8316,Unknown,493
HD 20003 c,HD 20003,,14.44,0.1964,41.8316,Unknown,494
HD 202206 c,HD 202206,,2411.5411433333334,2.5536666666666665,45.9665,Unknown,495
HD 203030 b,HD 203030,14.4595851,5576.1047385,487.1,39.2503,Gigante Gaseoso,496
HD 20329 b,HD 20329,1.69868,7.42,0.018,63.6796,Super-Tierra,497
HD 203387 b,HD 203387,,1106.04285636,1.771,61.7477,Unknown,498
HD 203387 c,HD 203387,,2378.9456264,5.067,61.7477,Unknown,499
HD 204313 b,HD 204313,,1319.7181328366669,3.1253333333333333,47.7945,Unknown,500
HD 204313 c,HD 204313,,17.38136699,0.21045,47.7945,Unknown,501
HD 204313 e,HD 204313,,5596.48150466,12.6785,47.7945,Unknown,502
HD 204941 b,HD 204941,,78.82005,2.555,28.7165,Unknown,503
HD 206893 b,HD 206893,14.01122587,10806.165838,10.133333333333333,40.7583,Gigante Gaseoso,504
HD 206893 c,HD 206893,16.36511182,4036.4207689,3.53,40.7583,Gigante Gaseoso,505
HD 207496 b,HD 207496,2.40687,6.1,0.0629,23.606,Neptuniano,506
HD 20781 b,HD 20781,,1.93,0.0529,35.9715,Unknown,507
HD 20781 c,HD 20781,,5.33,0.1004,35.9715,Unknown,508
HD 20781 d,HD 20781,,10.61,0.1647,35.9715,Unknown,509
HD 20781 e,HD 20781,,14.03,0.3374,35.9715,Unknown,510
HD 20782 b,HD 20782,,470.23508,1.37018,35.9864,Unknown,511
HD 207832 b,HD 207832,,182.22253333333333,0.5753333333333334,58.9291,Unknown,512
HD 207832 c,HD 207832,,232.0159,2.112,58.9291,Unknown,513
HD 207897 b,HD 207897,2.4083437733333333,14.6,0.11665,28.2938,Neptuniano,514
HD 20794 b,HD 20794,,2.49,0.125925,6.00278,Unknown,515
HD 20794 d,HD 20794,,3.7375,0.363125,6.00278,Unknown,516
HD 20794 e,HD 20794,,4.77,0.509,6.00278,Unknown,517
HD 20794 f,HD 20794,,5.82,1.3541,6.00278,Unknown,518
HD 208487 b,HD 208487,,151.759016805,0.5135000000000001,45.147,Unknown,519
HD 20868 b,HD 20868,,514.87375,0.9485,47.7223,Unknown,520
HD 209458 b,HD 209458,15.071210544666666,216.8531477423077,0.0471833333333333,48.3016,Gigante Gaseoso,521
HD 210193 b,HD 210193,,153.1,1.487,42.2029,Unknown,522
HD 210277 b,HD 210277,,402.10732221,1.1182,21.2985,Unknown,523
HD 210702 b,HD 210702,,571.53719415,1.15675,54.1963,Unknown,524
HD 211810 b,HD 211810,,212.9461,2.656,64.6353,Unknown,525
HD 211970 b,HD 211970,,13.0,0.143,13.1277,Unknown,526
HD 212301 b,HD 212301,,152.55515,0.033,54.2304,Unknown,527
HD 213240 b,HD 213240,,1619.8708001566663,1.9466666666666663,40.8707,Unknown,528
HD 213472 b,HD 213472,,1112.3994245,13.0,64.4527,Unknown,529
HD 213519 b,HD 213519,,9.2170238,0.099,41.0014,Unknown,530
HD 213885 b,HD 213885,1.7326,8.83,0.02012,48.0883,Super-Tierra,531
HD 213885 c,HD 213885,,19.95,0.056798,48.0883,Unknown,532
HD 21411 b,HD 21411,,65.9,0.362,29.1328,Unknown,533
HD 215152 b,HD 215152,,283.617868025,0.057638,21.5974,Unknown,534
HD 215152 c,HD 215152,,235.25845016500003,0.067393,21.5974,Unknown,535
HD 215152 d,HD 215152,,386.608529285,0.08799,21.5974,Unknown,536
HD 215152 e,HD 215152,,489.14619054,0.15417,21.5974,Unknown,537
HD 215497 b,HD 215497,,533.9269355299999,0.0485,40.5468,Unknown,538
HD 215497 c,HD 215497,,107.769971225,1.296,40.5468,Unknown,539
HD 216435 b,HD 216435,,400.425,2.53,32.9834,Unknown,540
HD 216437 b,HD 216437,,904.096643712,2.4576,26.6902,Unknown,541
HD 216520 b,HD 216520,,10.310603035,0.1966999999999999,19.552,Unknown,542
HD 216520 c,HD 216520,,9.44,0.528,19.552,Unknown,543
HD 216770 b,HD 216770,,193.8763,0.46,36.6625,Unknown,544
HD 21693 b,HD 21693,,8.23,0.1455,33.255,Unknown,545
HD 21693 c,HD 21693,,17.37,0.2586,33.255,Unknown,546
HD 217107 b,HD 217107,,440.40425484625,0.0749925,20.0619,Unknown,547
HD 217107 c,HD 217107,,1166.9278505325,5.438285714285714,20.0619,Unknown,548
HD 21749 c,GJ 143,0.92689828,3.7,0.0695,16.32,Terrestre,549
HD 217786 b,HD 217786,,5906.47335202,2.3993333333333333,55.4847,Unknown,550
HD 217786 c,HD 217786,,7.31005336,0.038,55.4847,Unknown,551
HD 217958 b,HD 217958,,166.54208527,3.758,61.7957,Unknown,552
HD 218566 b,HD 218566,,64.41250819666668,0.6882666666666667,28.8274,Unknown,553
HD 219077 b,HD 219077,,3494.4968843325,6.328749999999999,29.1864,Unknown,554
HD 219134 b,HD 219134,1.5056329275,4.1503698380000005,0.0381923333333333,6.53127,Super-Tierra,555
HD 219134 c,HD 219134,1.47005,3.463161632,0.064296,6.53127,Super-Tierra,556
HD 219134 d,HD 219134,1.61,15.66091116,0.232796,6.531270000000001,Super-Tierra,557
HD 219134 f,HD 219134,1.31,7.5881175725,0.144085,6.53127,Super-Tierra,558
HD 219134 g,HD 219134,,10.80622,0.3753,6.53127,Unknown,559
HD 219134 h,HD 219134,,88.246509872,2.8962,6.531270000000001,Unknown,560
HD 220197 b,HD 220197,,63.566,2.729,64.411,Unknown,561
HD 220689 b,HD 220689,,357.8726761333333,3.396333333333333,46.8778,Unknown,562
HD 220773 b,HD 220773,,460.8,4.94,50.5103,Unknown,563
HD 220842 b,HD 220842,,1010.6994,0.74,64.6498,Unknown,564
HD 221287 b,HD 221287,,982.05,1.25,55.9231,Unknown,565
HD 221420 b,HD 221420,,6115.550840041667,11.321333333333332,31.1415,Unknown,566
HD 221585 b,HD 221585,,511.7063,2.306,55.8535,Unknown,567
HD 222155 b,HD 222155,,619.75852827,4.906666666666666,50.6078,Unknown,568
HD 222237 b,HD 222237,,1619.335733665,11.85,11.4469,Unknown,569
HD 222582 b,HD 222582,,2327.26873679,1.343,42.1586,Unknown,570
HD 22496 b,HD 22496,,5.57,0.051,13.5956,Unknown,571
HD 22781 b,HD 22781,,4338.2,1.167,32.6034,Unknown,572
HD 22946 d,HD 22946,2.607,26.57,0.2958,62.7792,Neptuniano,573
HD 23079 b,HD 23079,,812.0399656550001,1.5653333333333332,33.4591,Unknown,574
HD 23079 c,HD 23079,,8.26,,33.4591,Unknown,575
HD 233832 b,HD 233832,,715.1175000000001,3.6325,58.742,Unknown,576
HD 23472 b,HD 23472,1.93111449,13.12,0.1186,39.0341,Super-Tierra,577
HD 23472 c,HD 23472,1.87382983,10.295,0.1673,39.0341,Super-Tierra,578
HD 23472 d,HD 23472,0.7537940000000001,0.55,0.04298,39.0341,Terrestre,579
HD 23472 e,HD 23472,0.87352797,0.72,0.068,39.0341,Terrestre,580
HD 23472 f,HD 23472,1.10031184,0.77,0.0906,39.0341,Terrestre,581
HD 235088 b,HD 235088,2.019858555,4.175000000000001,0.0712,41.1706,Neptuniano,582
HD 23596 b,HD 23596,,3264.34005664,2.8034,52.0018,Unknown,583
HD 238090 b,HD 238090,,6.89,0.0932,15.2354,Unknown,584
HD 24040 b,HD 24040,,1329.5678805583332,4.8004,46.6224,Unknown,585
HD 24040 c,HD 24040,,63.88350981,1.3,46.6224,Unknown,586
HD 24085 b,HD 24085,,11.8,0.034,54.9004,Unknown,587
HD 25015 b,HD 25015,,2434.2501480933333,6.296,37.433,Unknown,588
HD 25171 b,HD 25171,,296.370225,2.9955,55.6146,Unknown,589
HD 25463 b,HD 25463,2.67061742,8.6,0.076,45.6181,Neptuniano,590
HD 25463 c,HD 25463,1.3990973366666666,4.199999999999999,0.0438999999999999,45.6181,Super-Tierra,591
HD 25912 b,HD 25912,,38.13940884,0.242,49.1661,Unknown,592
HD 25912 c,HD 25912,,5252.75008249,17.848,49.1661,Unknown,593
HD 260655 b,HD 260655,1.25663,2.14,0.02933,10.0055,Super-Tierra,594
HD 260655 c,HD 260655,1.71451,3.09,0.04749,10.0055,Super-Tierra,595
HD 26161 b,HD 26161,,6668.039978860001,15.2435,40.9128,Unknown,596
HD 2638 b,HD 2638,,148.31760116666666,0.0426666666666666,54.9621,Unknown,597
HD 27442 b,HD 27442,,462.43525,1.2155,18.2704,Unknown,598
HD 27631 b,HD 27631,,477.16011164,3.2373333333333334,50.2862,Unknown,599
HD 27894 b,HD 27894,,204.87181605,0.1251199999999999,43.8214,Unknown,600
HD 27894 c,HD 27894,,51.48846,0.198,43.8214,Unknown,601
HD 27894 d,HD 27894,,2064.6162072366665,5.441333333333334,43.8214,Unknown,602
HD 28185 b,HD 28185,,1889.5747386985715,1.042142857142857,39.3809,Unknown,603
HD 28185 c,HD 28185,,4074.401263535,10.838,39.3809,Unknown,604
HD 28192 b,HD 28192,,99.7981198,0.118,49.8063,Unknown,605
HD 28254 b,HD 28254,,788.2089733,2.3,55.2884,Unknown,606
HD 28471 b,HD 28471,,3.72,0.042,43.6455,Unknown,607
HD 28471 c,HD 28471,,5.72,0.065,43.6455,Unknown,608
HD 28471 d,HD 28471,,4.91,0.1,43.6455,Unknown,609
HD 285507 b,HD 285507,,301.4557,0.06,45.0293,Unknown,610
HD 285968 b,HD 285968,,8.839369866666667,0.0661633333333333,9.47045,Unknown,611
HD 29021 b,HD 29021,,1091.742489645,2.287,30.9939,Unknown,612
HD 290327 b,HD 290327,,789.78845,3.43,56.433,Unknown,613
HD 29399 b,HD 29399,,525.395299495,1.9625,44.1518,Unknown,614
HD 29985 b,HD 29985,,1319.46463166,10.695,31.2707,Unknown,615
HD 30177 b,HD 30177,,2792.378594003333,3.5413333333333337,55.5867,Unknown,616
HD 30177 c,HD 30177,,2185.076351525,10.074,55.5867,Unknown,617
HD 30562 b,HD 30562,,425.3307645725,2.3135,26.1597,Unknown,618
HD 30669 b,HD 30669,,149.37,2.69,58.0844,Unknown,619
HD 31253 b,HD 31253,,165.90468983999995,1.2716666666666667,58.1438,Unknown,620
HD 31527 b,HD 31527,,10.47,0.1254,38.4473,Unknown,621
HD 31527 c,HD 31527,,14.16,0.2663,38.4473,Unknown,622
HD 31527 d,HD 31527,,11.82,0.8098,38.4473,Unknown,623
HD 3167 b,HD 3167,1.6525249927272727,5.17,0.01805,47.28990000000001,Super-Tierra,624
HD 3167 c,HD 3167,2.852366164,9.946000000000002,0.18002,47.28990000000001,Neptuniano,625
HD 3167 d,HD 3167,,5.79,0.0769666666666666,47.2899,Unknown,626
HD 3167 e,HD 3167,,9.075,0.39665,47.2899,Unknown,627
HD 32963 b,HD 32963,,370.3764086566666,3.411666666666666,38.0786,Unknown,628
HD 330075 b,HD 330075,,174.8042,0.0395,45.2989,Unknown,629
HD 331093 b,HD 331093,,476.7426105,1.44,50.1928,Unknown,630
HD 33564 b,HD 33564,,2892.1,1.1,20.9531,Unknown,631
HD 34445 b,HD 34445,,229.9379229525,2.08,46.0907,Unknown,632
HD 34445 c,HD 34445,,53.5,0.7181,46.0907,Unknown,633
HD 34445 d,HD 34445,,30.7,0.4817,46.0907,Unknown,634
HD 34445 e,HD 34445,,16.8,0.2687,46.0907,Unknown,635
HD 34445 f,HD 34445,,37.9,1.543,46.0907,Unknown,636
HD 34445 g,HD 34445,,120.6,6.36,46.0907,Unknown,637
HD 3651 b,HD 3651,,69.91517587,0.2925,11.1336,Unknown,638
HD 37124 b,HD 37124,,217.32634291,0.5295880000000001,31.663400000000003,Unknown,639
HD 37124 c,HD 37124,,221.393427866,1.9194,31.663400000000003,Unknown,640
HD 37124 d,HD 37124,,215.3254000525,2.9525,31.6634,Unknown,641
HD 37605 b,HD 37605,,819.4786,0.27262,46.78639999999999,Unknown,642
HD 37605 c,HD 37605,,1051.5786,3.777,46.78639999999999,Unknown,643
HD 3765 b,HD 3765,,54.98431441,2.108,17.926,Unknown,644
HD 38283 b,HD 38283,,117.5971,1.02,38.0615,Unknown,645
HD 38529 b,HD 38529,,256.0794812971429,0.1287,42.3538,Unknown,646
HD 38529 c,HD 38529,,4270.39363089125,3.629083333333333,42.3538,Unknown,647
HD 39091 b,HD 39091,,3673.679043348,3.284625,18.2702,Unknown,648
HD 39194 b,HD 39194,,4.3100000000000005,0.057475,26.4131,Unknown,649
HD 39194 c,HD 39194,,6.895,0.10565,26.4131,Unknown,650
HD 39194 d,HD 39194,,4.58,0.18995,26.4131,Unknown,651
HD 39855 b,HD 39855,,8.5,0.041,23.2599,Unknown,652
HD 40307 b,HD 40307,,300.2015176475,0.0472746666666666,12.9363,Unknown,653
HD 40307 c,HD 40307,,472.0358011875,0.0807433333333333,12.9363,Unknown,654
HD 40307 d,HD 40307,,450.782370375,0.13339,12.9363,Unknown,655
HD 40307 f,HD 40307,,4.676666666666667,0.2481999999999999,12.936299999999996,Unknown,656
HD 40307 g,HD 40307,,7.1,0.60345,12.9363,Unknown,657
HD 40979 b,HD 40979,,1295.91351165,0.854475,34.0883,Unknown,658
HD 41004 A b,HD 41004 A,,807.25,,36.69117,Unknown,659
HD 41004 B b,HD 41004 B,,5881.195,,41.5504,Unknown,660
HD 4113 b,HD 4113,,515.4042950433334,1.286,41.8727,Unknown,661
HD 42012 b,HD 42012,,508.528,1.67,36.7984,Unknown,662
HD 4208 b,HD 4208,,254.57452036,1.6591999999999998,34.1937,Unknown,663
HD 42618 b,HD 42618,,14.796098925,0.54385,24.3358,Unknown,664
HD 4308 b,HD 4308,,14.9695,0.1175,22.0158,Unknown,665
HD 43197 b,HD 43197,,183.224554535,0.901,62.4112,Unknown,666
HD 43197 c,HD 43197,,2500.67390628,8.54,62.4112,Unknown,667
HD 44219 b,HD 44219,,184.33523803,1.225,52.9051,Unknown,668
HD 45184 b,HD 45184,,12.05428263,0.06425,21.9532,Unknown,669
HD 45184 c,HD 45184,,9.8716486,0.10975,21.9532,Unknown,670
HD 45350 b,HD 45350,,509.3863822875,1.892,46.8733,Unknown,671
HD 45364 b,HD 45364,,59.830108725,0.6803,34.354,Unknown,672
HD 45364 c,HD 45364,,191.78964772,0.8996,34.354,Unknown,673
HD 45652 b,HD 45652,,132.95363,0.2323333333333333,34.8541,Unknown,674
HD 457 b,HD 457,,8445.3364308,15.369,55.0375,Unknown,675
HD 46375 b,HD 46375,,74.30663901,0.04026,29.552900000000005,Unknown,676
HD 47186 b,HD 47186,,22.51405,0.05,37.4574,Unknown,677
HD 47186 c,HD 47186,,111.42,2.395,37.4574,Unknown,678
HD 4732 b,HD 4732,,692.21860815,1.1595,54.7841,Unknown,679
HD 4732 c,HD 4732,,911.361294775,4.6625,54.7841,Unknown,680
HD 48948 b,HD 48948,,4.88,0.0652,16.9043,Unknown,681
HD 48948 c,HD 48948,,7.27,0.1951,16.9043,Unknown,682
HD 48948 d,HD 48948,,10.59,0.4894,16.9043,Unknown,683
HD 49674 b,HD 49674,,35.278096792,0.05816,43.0399,Unknown,684
HD 50499 b,HD 50499,,476.867843164,3.86725,46.2845,Unknown,685
HD 50499 c,HD 50499,,970.96811713,9.56,46.2845,Unknown,686
HD 50554 b,HD 50554,,1512.7194252333331,2.3174,31.1664,Unknown,687
HD 51608 b,HD 51608,,12.77,0.1059,35.0553,Unknown,688
HD 51608 c,HD 51608,,14.31,0.3809,35.0553,Unknown,689
HD 52265 b,HD 52265,,357.40182916000003,0.5033333333333333,29.9803,Unknown,690
HD 5278 b,HD 5278,2.3781018633333333,7.8,0.1202,57.5846,Neptuniano,691
HD 5278 c,HD 5278,,18.4,0.2416,57.5846,Unknown,692
HD 5608 b,HD 5608,,465.295461876,1.913,58.1105,Unknown,693
HD 564 b,HD 564,,104.88,1.2,51.1659,Unknown,694
HD 56957 b,HD 56957,,1880.90851263,6.426,61.4925,Unknown,695
HD 60532 b,HD 60532,,332.1249,0.7645,25.9716,Unknown,696
HD 60532 c,HD 60532,,789.79165,1.59,25.9716,Unknown,697
HD 62364 b,HD 62364,,5745.066284932,8.8274,53.112,Unknown,698
HD 62364 c,HD 62364,,7923.46218651,36.984,53.112,Unknown,699
HD 62549 b,HD 62549,,2707.58019923,11.842,49.3305,Unknown,700
HD 63433 b,HD 63433,2.170737406,29.5275,0.0717666666666666,22.4035,Neptuniano,701
HD 63433 c,HD 63433,2.624786553333333,16.3695,0.1455333333333333,22.4035,Neptuniano,702
HD 63433 d,HD 63433,1.073,,0.0503,22.4035,Terrestre,703
HD 63454 b,HD 63454,12.31,108.48583333333332,0.0376,37.6894,Gigante Gaseoso,704
HD 63765 b,HD 63765,,185.92495,0.94,32.5376,Unknown,705
HD 63935 b,HD 63935,2.86060748,10.65,0.083,48.97389999999999,Neptuniano,706
HD 63935 c,HD 63935,2.9885185266666667,11.1,0.148,48.97389999999999,Neptuniano,707
HD 64114 b,HD 64114,,17.8,0.246,31.5262,Unknown,708
HD 6434 b,HD 6434,,139.84396666666666,0.1426666666666667,42.358,Unknown,709
HD 65216 b,HD 65216,,392.9133875,1.33525,35.1205,Unknown,710
HD 65216 c,HD 65216,,645.1949,5.75,35.1205,Unknown,711
HD 66428 b,HD 66428,,1289.3379141175,3.380857142857143,53.2817,Unknown,712
HD 66428 c,HD 66428,,5335.703296716667,16.802666666666667,53.2817,Unknown,713
HD 68475 b,HD 68475,,1639.99458012,7.27,33.4297,Unknown,714
HD 6860 b,HD 6860,,8981.83078182,2.03,61.12469,Unknown,715
HD 68988 b,HD 68988,,611.24125792,0.07052,60.8447,Unknown,716
HD 68988 c,HD 68988,,4772.193531105,12.65,60.8447,Unknown,717
HD 69830 b,HD 69830,,10.441952516666666,0.0798,12.5591,Unknown,718
HD 69830 c,HD 69830,,11.10089354,0.1890666666666667,12.5591,Unknown,719
HD 69830 d,HD 69830,,15.393266143333337,0.646,12.5591,Unknown,720
HD 70573 b,HD 70573,,1900.0,1.76,59.182,Unknown,721
HD 70642 b,HD 70642,,745.3902954600001,3.2646,29.276,Unknown,722
HD 7199 b,HD 7199,,1272.3720533833332,1.36,36.1531,Unknown,723
HD 72659 b,HD 72659,,981.095534676,4.542,51.89489999999999,Unknown,724
HD 72659 c,HD 72659,,12311.189287946669,21.819666666666667,51.8949,Unknown,725
HD 73256 c,HD 73256,,5085.254512,3.8,36.708,Unknown,726
HD 73267 b,HD 73267,,1185.2151746275,2.20225,50.4093,Unknown,727
HD 73267 c,HD 73267,,1514.61127356,11.844,50.4093,Unknown,728
HD 73344 b,HD 73344,2.929111556666667,11.455,0.1303,35.26,Neptuniano,729
HD 73344 c,HD 73344,,118.54999581,0.3388,35.26,Unknown,730
HD 73344 d,HD 73344,,810.46243785,6.7,35.26,Unknown,731
HD 73583 b,HD 73583,2.6850625,13.05,0.0641166666666666,31.5666,Neptuniano,732
HD 73583 c,HD 73583,2.3726233333333333,16.1,0.12375,31.566600000000005,Neptuniano,733
HD 74156 b,HD 74156,,563.4951919916667,0.2889483333333333,57.603,Unknown,734
HD 74156 c,HD 74156,,2556.568760635,3.742428571428571,57.603,Unknown,735
HD 7449 b,HD 7449,,779.440627764,2.3576,38.662,Unknown,736
HD 74698 b,HD 74698,,23.0,0.121,52.0648,Unknown,737
HD 74698 c,HD 74698,,126.0,4.5,52.0648,Unknown,738
HD 75289 b,HD 75289,,145.9634275,0.0478,29.1158,Unknown,739
HD 75302 b,HD 75302,,1716.2733978,5.3,30.3288,Unknown,740
HD 76700 b,HD 76700,,67.80373333333334,0.0500333333333333,60.88309999999999,Unknown,741
HD 77338 b,HD 77338,,17.4849,0.0607,45.935,Unknown,742
HD 7924 b,HD 7924,,350.00751991166663,0.0573975,16.9922,Unknown,743
HD 7924 c,HD 7924,,593.1239916433333,0.11275,16.9922,Unknown,744
HD 7924 d,HD 7924,,526.9025551833333,0.15415,16.9922,Unknown,745
HD 79498 b,HD 79498,,425.8961,3.055,48.9489,Unknown,746
HD 80883 b,HD 80883,,1748.0562385,6.462,34.6011,Unknown,747
HD 80913 b,HD 80913,,7505.2000029,9.95,61.3603,Unknown,748
HD 81040 b,HD 81040,,2307.8617575450003,1.9535,34.4341,Unknown,749
HD 82943 b,HD 82943,,528.184023674,1.176612,27.5902,Unknown,750
HD 82943 c,HD 82943,,570.273205672,0.74167,27.5902,Unknown,751
HD 8326 b,HD 8326,,66.6,0.533,30.6862,Unknown,752
HD 83443 b,HD 83443,,121.18237686714284,0.0398528571428571,40.8991,Unknown,753
HD 83443 c,HD 83443,,476.7426105,8.0,40.8991,Unknown,754
HD 8535 b,HD 8535,,216.1244,2.45,55.4401,Unknown,755
HD 85390 b,HD 85390,,36.142156666666665,1.471,33.5225,Unknown,756
HD 85426 c,TOI-1774,,10.3,,53.974,Unknown,757
HD 8574 b,HD 8574,,612.2927916900001,0.75925,44.8264,Unknown,758
HD 86065 b,HD 86065,,2877.30056857,15.947,40.3661,Unknown,759
HD 86226 b,HD 86226,,264.584891805,2.723333333333333,45.683,Unknown,760
HD 86226 c,HD 86226,2.1441350000000003,7.35,0.049,45.683,Neptuniano,761
HD 86728 b,HD 86728,,9.43,0.1916,14.9202,Unknown,762
HD 8673 b,HD 8673,,4361.79536797,2.995,37.8619,Unknown,763
HD 87883 b,HD 87883,,2030.4476595783333,3.8154,18.2912,Unknown,764
HD 88072 b,HD 88072,,2511.79790052,13.895,35.9098,Unknown,765
HD 88986 b,HD 88986,2.49,17.2,0.58,33.2673,Neptuniano,766
HD 89307 b,HD 89307,,667.10401369,3.4123666666666668,32.0104,Unknown,767
HD 89744 b,HD 89744,,2617.7868333333336,0.915,38.6364,Unknown,768
HD 89839 b,HD 89839,,1547.4960684925,4.796,57.3063,Unknown,769
HD 90156 b,HD 90156,,14.88571695,0.25045,21.9496,Unknown,770
HD 92788 b,HD 92788,,1148.95451544,0.9583333333333334,34.6538,Unknown,771
HD 92788 c,HD 92788,,1029.766961835,9.38,34.6538,Unknown,772
HD 93083 b,HD 93083,,117.59,0.477,28.5159,Unknown,773
HD 93351 b,HD 93351,,3.49611248,0.035,56.163,Unknown,774
HD 93351 c,HD 93351,,4154.01727949,11.154,56.163,Unknown,775
HD 93385 b,HD 93385,,4.2,0.0756,43.3475,Unknown,776
HD 93385 c,HD 93385,,7.1,0.112,43.3475,Unknown,777
HD 93385 d,HD 93385,,8.7,0.2565,43.3475,Unknown,778
HD 9446 b,HD 9446,,222.472,0.189,50.3503,Unknown,779
HD 9446 c,HD 9446,,578.426,0.654,50.3503,Unknown,780
HD 94771 b,HD 94771,,169.0,3.48,57.7807,Unknown,781
HD 94890 b,HD 94890,,676.97450691,2.07,61.7012,Unknown,782
HD 94890 c,HD 94890,,2831.85110637,4.33,61.7012,Unknown,783
HD 95338 b,HD 95338,4.169533135,42.67,0.2705,36.9941,Neptuniano,784
HD 95735 c,GJ 411,,16.78421784,2.936666666666667,5.675773,Unknown,785
HD 96700 b,HD 96700,,8.9,0.0777,25.4111,Unknown,786
HD 96700 c,HD 96700,,3.5,0.141,25.4111,Unknown,787
HD 96700 d,HD 96700,,12.7,0.424,25.4111,Unknown,788
HD 97037 b,HD 97037,,6707.76852973,6.925,32.413,Unknown,789
HD 97658 b,HD 97658,2.2975483333333333,8.065777335,0.0808,21.5618,Neptuniano,790
HD 98649 b,HD 98649,,2516.87756725,6.109249999999999,42.1727,Unknown,791
HD 98736 b,HD 98736,,740.5439,1.864,32.4459,Unknown,792
HD 99109 b,HD 99109,,149.99862164,1.1123333333333334,54.7901,Unknown,793
HD 99492 b,HD 99492,,28.20471414714286,0.1216933333333333,18.2038,Unknown,794
HD 99492 c,HD 99492,,17.9,,18.2038,Unknown,795
HIP 107772 b,HIP 107772,,12.9,0.243,23.6434,Unknown,796
HIP 109384 b,HIP 109384,,495.8148,1.134,58.9582,Unknown,797
HIP 113103 b,HIP 113103,1.829,,0.06899,46.2122,Super-Tierra,798
HIP 113103 c,HIP 113103,3.041045,,0.10479,46.2122,Neptuniano,799
HIP 116454 b,HIP 116454,2.51777,11.0833,0.0824833333333333,62.4491,Neptuniano,800
HIP 12961 b,HIP 12961,,112.82965,0.25,23.371,Unknown,801
HIP 14810 b,HIP 14810,,1202.0220000000002,0.06944,50.48,Unknown,802
HIP 14810 c,HIP 14810,,354.9065666666667,0.5003333333333334,50.48,Unknown,803
HIP 14810 d,HIP 14810,,184.3414,1.915,50.48,Unknown,804
HIP 18606 b,HIP 18606,,244.72787339,1.61,47.0288,Unknown,805
HIP 19976 b,HIP 19976,,21.61233168,0.234,40.2707,Unknown,806
HIP 21152 b,HIP 21152,,8231.7557413,17.25,43.4073,Unknown,807
HIP 34222 b,HIP 34222,,263.79757781,0.492,22.8386,Unknown,808
HIP 35173 b,HIP 35173,,12.7,0.217,33.1562,Unknown,809
HIP 35965 b,HIP 35965,,2589.98368864,15.898,50.1677,Unknown,810
HIP 38594 b,HIP 38594,,8.1,0.256,17.7886,Unknown,811
HIP 38594 c,HIP 38594,,48.4,3.805,17.7886,Unknown,812
HIP 4845 b,HIP 4845,,14.4,0.176,21.0974,Unknown,813
HIP 48714 b,HIP 48714,,22.9,0.112,10.5298,Unknown,814
HIP 5158 b,HIP 5158,,404.5973333333333,0.89,51.6026,Unknown,815
HIP 5158 c,HIP 5158,,4780.1632,7.7,51.6026,Unknown,816
HIP 54373 b,HIP 54373,,8.62,0.063,18.7168,Unknown,817
HIP 54373 c,HIP 54373,,12.44,0.099,18.7168,Unknown,818
HIP 54597 b,HIP 54597,,700.8940884,3.905,39.7429,Unknown,819
HIP 55507 b,HIP 55507,,2585.53409095,5.062,25.4893,Unknown,820
HIP 57274 b,HIP 57274,,847.2507154975,0.07,25.8618,Unknown,821
HIP 57274 c,HIP 57274,,130.0,0.178,25.8618,Unknown,822
HIP 57274 d,HIP 57274,,167.4,1.01,25.8618,Unknown,823
HIP 5763 b,HIP 5763,,162.09248757,0.17,31.9043,Unknown,824
HIP 65 A b,HIP 65 A,14.335281165,979.390795325,0.01741,61.7856,Gigante Gaseoso,825
HIP 65407 b,HIP 65407,,136.03124,0.177,61.7804,Unknown,826
HIP 65407 c,HIP 65407,,249.17872,0.316,61.7804,Unknown,827
HIP 66074 b,HIP 66074,,1589.142035,0.799,35.4438,Unknown,828
HIP 67851 b,HIP 67851,,427.58534203,0.4475,64.1181,Unknown,829
HIP 67851 c,HIP 67851,,1730.942128977143,4.1976,64.1181,Unknown,830
HIP 70849 b,HIP 70849,,1912.11569445,9.425666666666666,24.057200000000005,Unknown,831
HIP 71135 b,HIP 71135,,18.8,0.335,32.3311,Unknown,832
HIP 79431 b,HIP 79431,,667.415,0.36,14.5324,Unknown,833
HIP 86221 b,HIP 86221,,225.65816897,0.031,29.4898,Unknown,834
HIP 91258 b,HIP 91258,,342.93135,0.0584999999999999,45.8846,Unknown,835
HIP 94235 b,HIP 94235,3.0703460133333333,379.0,0.0787,58.5146,Neptuniano,836
HIP 948 b,HIP 948,,6547.2651842,15.037,34.8523,Unknown,837
HIP 99770 b,HIP 99770,,5260.060135850001,16.35,40.0765,Unknown,838
HN Lib b,HN Lib,,5.46,0.1417,6.24442,Unknown,839
HN Peg b,HN Peg,11.7768,6991.57,773.0,18.1186,Gigante Gaseoso,840
HR 2562 b,HR 2562,12.44199,6865.1174862,23.65,34.0071,Gigante Gaseoso,841
HR 5183 b,HR 5183,,1027.6468977633333,21.933333333333334,31.4607,Unknown,842
HR 810 b,HR 810,,951.45678468,0.93375,17.3181,Unknown,843
HR 858 b,HR 858,1.95347,3.55,0.04844,31.964,Super-Tierra,844
HR 858 c,HR 858,2.103257823333333,3.8,0.06805,31.964,Neptuniano,845
HR 858 d,HR 858,2.080155486666667,7.1,0.1036499999999999,31.964,Neptuniano,846
HR 8799 b,HR 8799,9.8627,2000.0,68.65333333333332,41.2441,Gigante Gaseoso,847
HR 8799 c,HR 8799,12.1045,3000.0,39.60333333333333,41.2441,Gigante Gaseoso,848
HR 8799 d,HR 8799,11.54405,3000.0,25.485,41.2441,Gigante Gaseoso,849
HR 8799 e,HR 8799,11.601315,3178.3,15.963333333333331,41.2441,Gigante Gaseoso,850
HS Psc b,HS Psc,,464.02947422,0.0435,37.6604,Unknown,851
K2-116 b,K2-116,0.7409641066666666,,0.048,49.3855,Terrestre,852
K2-129 b,K2-129,0.8505,,0.057,27.7957,Terrestre,853
K2-136 b,K2-136,1.018,4.3,0.0707,59.2474,Terrestre,854
K2-136 c,K2-136,3.1615,18.1,0.11789,59.2474,Neptuniano,855
K2-136 d,K2-136,1.5216666666666665,3.0,0.1538,59.2474,Super-Tierra,856
K2-141 b,K2-141,1.540258,5.13,0.007315,61.8736,Super-Tierra,857
K2-141 c,K2-141,7.0,7.7,0.0683,61.8736,Gigante Gaseoso,858
K2-18 b,K2-18,2.272362939,8.1775,0.1479333333333333,38.0266,Neptuniano,859
K2-18 c,K2-18,,7.51,0.06,38.0266,Unknown,860
K2-239 b,K2-239,1.1,,0.0441,31.0849,Terrestre,861
K2-239 c,K2-239,1.0,,0.0576,31.0849,Terrestre,862
K2-239 d,K2-239,1.1,,0.0685,31.0849,Terrestre,863
K2-25 b,K2-25,3.692773106666667,24.5,0.0287,44.9565,Neptuniano,864
K2-257 b,K2-257,0.83,,0.0216,64.0065,Terrestre,865
K2-28 b,K2-28,2.204210555714286,,0.019825,62.9969,Neptuniano,866
K2-3 b,K2-3,2.0542047585714287,6.805714285714286,0.0754249999999999,44.0727,Neptuniano,867
K2-3 c,K2-3,1.6312307692307693,2.8085714285714287,0.1370875,44.0727,Super-Tierra,868
K2-3 d,K2-3,1.4756666666666665,4.25715261,0.2039857142857142,44.0727,Super-Tierra,869
K2-315 b,K2-315,0.95,,,56.9686,Terrestre,870
K2-400 b,K2-400,1.163,,,62.3804,Terrestre,871
K2-415 b,K2-415,1.0583812,7.5,0.027,21.8182,Terrestre,872
K2-91 b,K2-91,1.1666666666666667,,0.0172,62.5785,Terrestre,873
KOBE-1 b,KOBE-1,,8.8,0.07006,23.9718,Unknown,874
KOBE-1 c,KOBE-1,,12.4,0.16071,23.9718,Unknown,875
Kapteyn c,Kapteyn,,7.0,0.311,3.93305,Unknown,876
Kepler-37 b,Kepler-37,0.2965554981818182,4.6561,0.1015471246142857,63.9207,Terrestre,877
Kepler-37 c,Kepler-37,0.7225384615384616,6.65,0.1390299648111111,63.9207,Terrestre,878
Kepler-37 d,Kepler-37,1.9289255813333333,25.566666666666663,0.2109391746666666,63.92069999999999,Super-Tierra,879
Kepler-37 e,Kepler-37,0.37,8.1,0.248,63.9207,Terrestre,880
Kepler-42 b,Kepler-42,1.1294545454545457,0.705944,0.0124757142857142,40.0595,Terrestre,881
Kepler-42 c,Kepler-42,1.378,60.337,0.00658,40.0595,Super-Tierra,882
Kepler-42 d,Kepler-42,1.097909090909091,0.357785,0.01655,40.0595,Terrestre,883
Kepler-444 b,Kepler-444,0.4080454516666666,,0.04023321594,36.4396,Terrestre,884
Kepler-444 c,Kepler-444,9.83334189,,0.0467956957333333,36.4396,Gigante Gaseoso,885
Kepler-444 d,Kepler-444,8.212026922222222,0.2,0.05746923325,36.4396,Gigante Gaseoso,886
Kepler-444 e,Kepler-444,10.068778021111113,0.1,0.0667379769166666,36.4396,Gigante Gaseoso,887
Kepler-444 f,Kepler-444,11.962909205,,0.0777704246,36.4396,Gigante Gaseoso,888
L 168-9 b,L 168-9,1.4938951033333332,4.335,0.020855,25.1496,Super-Tierra,889
L 363-38 b,L 363-38,,4.67,0.048,10.2295,Unknown,890
L 98-59 b,L 98-59,0.8329391666666667,0.532,0.022534,10.6194,Terrestre,891
L 98-59 c,L 98-59,1.3542157142857143,2.2550000000000003,0.0312879999999999,10.6194,Super-Tierra,892
L 98-59 d,L 98-59,1.7841828571428573,2.035,0.0500399999999999,10.6194,Super-Tierra,893
L 98-59 e,L 98-59,,2.9333333333333336,0.0713666666666666,10.6194,Unknown,894
L 98-59 f,L 98-59,,2.885,0.10525,10.6194,Unknown,895
LHS 1140 b,LHS 1140,1.673189062,6.4025,0.09285,14.9861,Super-Tierra,896
LHS 1140 c,LHS 1140,1.32224843,1.8266666666666669,0.02703,14.9861,Super-Tierra,897
LHS 1478 b,LHS 1478,1.317460865,2.33,0.01848,18.2276,Super-Tierra,898
LHS 1678 b,LHS 1678,0.7842931633333333,0.35,0.01245,19.8782,Terrestre,899
LHS 1678 c,LHS 1678,0.9886135666666666,1.4,0.0329,19.8782,Terrestre,900
LHS 1678 d,LHS 1678,0.91884623,,0.04,19.8782,Terrestre,901
LHS 1815 b,LHS 1815,1.09690543,5.14,0.0404,29.8424,Terrestre,902
LHS 1903 b,LHS 1903,1.4300449999999998,3.28,0.02656,35.6917,Super-Tierra,903
LHS 1903 c,LHS 1903,2.40062,4.55,0.05387,35.6917,Neptuniano,904
LHS 1903 d,LHS 1903,2.46795,5.96,0.08604,35.6917,Neptuniano,905
LHS 1903 e,LHS 1903,1.732,5.79,0.15135,35.6917,Super-Tierra,906
LHS 3154 b,LHS 3154,,13.15,0.02262,15.7606,Unknown,907
LHS 3844 b,LHS 3844,1.315007686666667,2.37,0.0062299999999999,14.8846,Super-Tierra,908
LHS 475 b,LHS 475,1.0022651366666666,,0.02037,12.4814,Terrestre,909
LP 261-75 b,LP 261-75 A,,6674.396547,450.0,33.928,Unknown,910
LP 714-47 b,LP 714-47,4.826156675,30.8,0.0417,52.616,Neptuniano,911
LP 791-18 b,LP 791-18,1.1748797366666668,,0.009735,26.4927,Terrestre,912
LP 791-18 c,LP 791-18,2.4569739333333334,7.12,0.030028,26.4927,Neptuniano,913
LP 791-18 d,LP 791-18,1.032,0.905,0.01992,26.4927,Terrestre,914
LP 890-9 b,LP 890-9,1.335680315,13.2,0.01875,32.4298,Super-Tierra,915
LP 890-9 c,LP 890-9,1.367,25.3,0.03984,32.4298,Super-Tierra,916
LSPM J2116+0234 b,LSPM J2116+0234,,13.3,0.0876,17.6297,Unknown,917
LTT 1445 A b,LTT 1445 A,1.346735901666667,2.53,0.03366,6.86929,Super-Tierra,918
LTT 1445 A c,LTT 1445 A,1.272333333333333,1.3033333333333337,0.0252666666666666,6.86929,Super-Tierra,919
LTT 3780 b,LTT 3780,1.29352894,2.4725,0.0120299999999999,21.9814,Super-Tierra,920
LTT 3780 c,LTT 3780,2.347358874,7.4875,0.07621,21.9814,Neptuniano,921
PZ Tel b,PZ Tel,,8581.366989,27.0,47.0648,Unknown,922
Proxima Cen b,Proxima Cen,,1.09875,0.048385,1.30119,Unknown,923
Proxima Cen d,Proxima Cen,,0.26,0.02883,1.30119,Unknown,924
RR Cae b,RR Cae,,1334.886,5.3,21.1916,Unknown,925
Ross 128 b,Ross 128,,1.4,0.0496,3.37454,Unknown,926
Ross 176 b,Ross 176,2.032235,4.57,0.0464,46.4488,Neptuniano,927
Ross 458 c,Ross 458,14.01125,1906.98,1100.0,11.5094,Gigante Gaseoso,928
Ross 508 b,Ross 508,,4.0,0.05366,11.2103,Unknown,929
TIC 231949697 b,TIC 231949697,1.63068799,,,50.2408,Super-Tierra,930
TOI-1011 b,TOI-1011,1.44828,4.04,,52.62,Super-Tierra,931
TOI-1075 b,TOI-1075,1.81581922,9.95,0.011695,61.4592,Super-Tierra,932
TOI-1080 b,TOI-1080,1.2152551,10.7,0.0272,25.559,Terrestre,933
TOI-1130 b,TOI-1130,3.65620833,19.54,0.0446033333333333,58.26090000000001,Neptuniano,934
TOI-1130 c,TOI-1130,14.21787421,319.8874936975,0.0719966666666666,58.2609,Gigante Gaseoso,935
TOI-1184 b,TOI-1184,2.3689489625,6.8,0.0560135,58.5946,Neptuniano,936
TOI-1201 b,TOI-1201,2.316879255,6.28,0.0287,37.8871,Neptuniano,937
TOI-1203 b,TOI-1203,1.52,3.51,0.04869,64.9943,Super-Tierra,938
TOI-1203 c,TOI-1203,,5.46,,64.9943,Unknown,939
TOI-1203 e,TOI-1203,,42.1,,64.9943,Unknown,940
TOI-1203.01,TOI-1203,3.2140487,7.39,0.1632,64.9943,Neptuniano,941
TOI-122 b,TOI-122,2.6773881700000004,,0.0392,62.118,Neptuniano,942
TOI-1224 b,TOI-1224,2.10319269,,0.0355,37.3312,Neptuniano,943
TOI-1224 c,TOI-1224,3.13395621,,,37.3312,Neptuniano,944
TOI-1231 b,TOI-1231,3.764284,15.4,0.1288,27.6227,Neptuniano,945
TOI-1233.01,HD 108236,2.7680410325,,0.11025,64.5978,Neptuniano,946
TOI-1235 b,TOI-1235,1.7817375,6.5,0.038355,39.6345,Super-Tierra,947
TOI-1243 b,TOI-1243,2.263075365,7.7,,43.1865,Neptuniano,948
TOI-1266 b,TOI-1266,2.48742828,9.5225,0.073475,36.0118,Neptuniano,949
TOI-1266 c,TOI-1266,1.850845646,3.6625,0.1048,36.0118,Super-Tierra,950
TOI-1266 d,TOI-1266,,4.135,0.15065,36.0118,Unknown,951
TOI-139 b,TOI-139,2.3951824,,,42.4061,Neptuniano,952
TOI-1411 b,TOI-1411,1.3209353066666667,2.0,0.0221099999999999,32.4778,Super-Tierra,953
TOI-1416 b,TOI-1416,1.610185,3.48,0.019,55.0135,Super-Tierra,954
TOI-1442 b,TOI-1442,1.17668894,,0.0071,41.1659,Terrestre,955
TOI-1450 A b,TOI-1450 A,1.11124038,1.258,,22.4467,Terrestre,956
TOI-1450 A c,TOI-1450 A,,1.527,,22.4467,Unknown,957
TOI-1452 b,TOI-1452,1.64524719,4.82,0.061,30.5212,Super-Tierra,958
TOI-1467 b,TOI-1467,1.8252775,9.0,0.0504159999999999,37.4418,Super-Tierra,959
TOI-1468 b,TOI-1468,1.3786209733333334,3.125,0.02107,24.739899999999995,Super-Tierra,960
TOI-1468 c,TOI-1468,2.0678586633333333,5.369999999999999,0.08608,24.739899999999995,Neptuniano,961
TOI-1470 b,TOI-1470,2.24757483,7.32,0.0285,51.9503,Neptuniano,962
TOI-1470 c,TOI-1470,2.47,7.24,0.106,51.9503,Neptuniano,963
TOI-1634 b,TOI-1634,1.780277082,6.880000000000001,0.0152633333333333,35.2736,Super-Tierra,964
TOI-1634 c,TOI-1634,,,,35.2736,Unknown,965
TOI-1680 b,TOI-1680,1.44312296,,0.03144,37.2209,Super-Tierra,966
TOI-1683.01,TOI-1683,2.563024315,,0.036507593,51.1884,Neptuniano,967
TOI-1685 b,TOI-1685,1.5583800875,3.28,0.0115256666666666,37.6153,Super-Tierra,968
TOI-1693 b,TOI-1693,1.48373672,,0.0226,30.7947,Super-Tierra,969
TOI-1695 b,TOI-1695,1.9097655366666664,5.93,0.033548,45.1309,Super-Tierra,970
TOI-1696 b,TOI-1696,3.1671284400000004,52.7,0.0232,64.9172,Neptuniano,971
TOI-1718 b,TOI-1718,4.1757849700000005,,,52.3044,Neptuniano,972
TOI-1728 b,TOI-1728,4.99475,26.78,0.0391,60.798,Neptuniano,973
TOI-1743 b,TOI-1743,2.567555,,0.03589,41.2758,Neptuniano,974
TOI-1759 b,TOI-1759,3.102808995,10.866666666666667,0.1167666666666666,40.0654,Neptuniano,975
TOI-1774.01,TOI-1774,2.806553856666666,8.5,,53.974,Neptuniano,976
TOI-1776 b,TOI-1776,1.30975948,1.4,0.0378,44.647,Super-Tierra,977
TOI-178 b,TOI-178,1.176,1.23,0.02607,62.699,Terrestre,978
TOI-178 c,TOI-178,1.6459456366666665,4.705,0.037,62.69899999999999,Super-Tierra,979
TOI-178 d,TOI-178,2.6039133333333333,4.105,0.0592,62.69899999999999,Neptuniano,980
TOI-178 e,TOI-178,2.2629108866666665,3.67,0.0783,62.69899999999999,Neptuniano,981
TOI-178 f,TOI-178,2.44122555,6.675,0.1039,62.69899999999999,Neptuniano,982
TOI-178 g,TOI-178,3.186668,4.17,0.1275,62.69899999999999,Neptuniano,983
TOI-1799 b,TOI-1799,1.5640345166666665,4.0,0.071751,62.1274,Super-Tierra,984
TOI-1801 b,TOI-1801,2.0095096066666667,10.869,0.075,30.679600000000004,Neptuniano,985
TOI-1806.01,TOI-1806,3.1253583000000003,,0.087735044,55.5211,Neptuniano,986
TOI-1807 b,TOI-1807,1.4159639575,2.505,0.0107733333333333,42.5775,Super-Tierra,987
TOI-1824 b,TOI-1824,2.59920845,16.0,0.151,59.4314,Neptuniano,988
TOI-1846 b,TOI-1846,1.7911002900000002,,0.03646,47.2496,Super-Tierra,989
TOI-1860 b,TOI-1860,1.19915,,0.0204,45.864,Terrestre,990
TOI-198 b,TOI-198,1.4000316866666669,3.17,0.08375,23.726199999999995,Super-Tierra,991
TOI-2015 b,TOI-2015,4.025243333333333,12.8,0.029711,47.3444,Neptuniano,992
TOI-2015 c,TOI-2015,,8.91,0.041232,47.3444,Unknown,993
TOI-2018 b,TOI-2018,2.27207818,9.2,,27.9956,Neptuniano,994
TOI-206 b,TOI-206,1.416634105,,0.0112,47.7465,Super-Tierra,995
TOI-2068 b,TOI-2068,2.093665385,,0.0632,52.9328,Neptuniano,996
TOI-2076 b,TOI-2076,2.52982435,11.4,0.0767775,41.9091,Neptuniano,997
TOI-2076 c,TOI-2076,3.578721174,31.1,0.120125,41.9091,Neptuniano,998
TOI-2076 d,TOI-2076,3.2526175020000005,18.15,0.166225,41.9091,Neptuniano,999
TOI-2076 e,TOI-2076,1.3279999999999998,4.7,0.038565,41.9091,Super-Tierra,1000
TOI-2081 b,TOI-2081,1.99396451,,0.0752,62.3446,Super-Tierra,1001
TOI-2094 b,TOI-2094,1.807563545,,0.136,50.0248,Super-Tierra,1002
TOI-2095 b,TOI-2095,1.2828286233333337,4.1,0.101,41.9176,Super-Tierra,1003
TOI-2095 c,TOI-2095,1.38917487,7.4,0.1375,41.9176,Super-Tierra,1004
TOI-2096 b,TOI-2096,1.4329897850000002,,0.025,48.4809,Super-Tierra,1005
TOI-2096 c,TOI-2096,1.97773552,,0.04,48.4809,Super-Tierra,1006
TOI-2120 b,TOI-2120,2.378306215,6.8,0.0377,32.1755,Neptuniano,1007
TOI-2128 b,TOI-2128,2.35891369,4.5,0.127,36.578,Neptuniano,1008
TOI-2134 b,TOI-2134,2.954415,9.13,0.078,22.6202,Neptuniano,1009
TOI-2134 c,TOI-2134,6.819210000000001,49.545,0.301,22.6202,Gigante Gaseoso,1010
TOI-2136 b,TOI-2136,2.162645065,8.69,0.0547666666666666,33.3631,Neptuniano,1011
TOI-2194 b,TOI-2194,1.84485,,,19.5711,Super-Tierra,1012
TOI-2257 b,TOI-2257,2.2096847950000003,,0.145,57.7911,Neptuniano,1013
TOI-2266 b,TOI-2266,1.758159365,,0.02,51.6004,Super-Tierra,1014
TOI-2274 b,TOI-2274,2.141738445,,0.05,48.876,Neptuniano,1015
TOI-2285 b,TOI-2285,1.6960378633333333,19.5,0.1363,42.409,Super-Tierra,1016
TOI-2322 b,TOI-2322,1.01184,2.31,0.0924,59.861,Terrestre,1017
TOI-2322 c,TOI-2322,1.891512465,18.1,0.1362,59.861,Super-Tierra,1018
TOI-237 b,TOI-237,1.5787704649999998,,0.0341,38.0749,Super-Tierra,1019
TOI-2406 b,TOI-2406,2.84087265,15.6,0.022735,55.419,Neptuniano,1020
TOI-2411 b,TOI-2411,1.714454405,,0.0144,59.5362,Super-Tierra,1021
TOI-2427 b,TOI-2427,1.89922,,0.0202,28.5147,Super-Tierra,1022
TOI-2431 b,TOI-2431,3.564765,6.2,0.0063,36.0559,Neptuniano,1023
TOI-244 b,TOI-244,1.2737043766666667,2.68,0.06445,22.0337,Super-Tierra,1024
TOI-2443 b,TOI-2443,2.60766309,4.8,0.105,23.9258,Neptuniano,1025
TOI-2445 b,TOI-2445,1.32810733,,0.0064,48.582,Super-Tierra,1026
TOI-2459 b,TOI-2459,2.944816835,,,36.6113,Neptuniano,1027
TOI-260 b,TOI-260,1.7223347066666663,3.765,0.09265,20.1852,Super-Tierra,1028
TOI-262 b,TOI-262,2.068572795,,0.163,43.932,Neptuniano,1029
TOI-269 b,TOI-269,2.85602198,8.8,0.0345,57.0225,Neptuniano,1030
TOI-270 b,TOI-270,1.252493324,1.5133333333333334,0.0320633333333333,22.4793,Super-Tierra,1031
TOI-270 c,TOI-270,2.3668988825,6.175000000000001,0.04623,22.4793,Neptuniano,1032
TOI-270 d,TOI-270,2.095280182,4.49,0.0727,22.4793,Neptuniano,1033
TOI-277 b,TOI-277,3.452832235,,0.0269,64.6692,Neptuniano,1034
TOI-286 b,TOI-286,1.45481055,4.53,0.0503,59.2293,Super-Tierra,1035
TOI-286 c,TOI-286,1.862775,3.72,0.213,59.2293,Super-Tierra,1036
TOI-3884 b,TOI-3884,6.063530126666667,24.545,0.03575,43.1448,Gigante Gaseoso,1037
TOI-406 c,TOI-406,1.29657769,2.08,0.0322,31.0597,Super-Tierra,1038
TOI-406.01,TOI-406,2.000158196666667,6.57,0.0832087675,31.059700000000003,Neptuniano,1039
TOI-411 b,HD 22946,1.4532948899999998,13.71,0.055035,62.7792,Super-Tierra,1040
TOI-411 c,HD 22946,2.280819543333333,9.72,0.0978,62.7792,Neptuniano,1041
TOI-431 b,TOI-431,1.37707647,3.07,0.0113,32.5686,Super-Tierra,1042
TOI-431 c,TOI-431,,2.83,0.052,32.5686,Unknown,1043
TOI-431 d,TOI-431,3.28547459,9.9,0.098,32.5686,Neptuniano,1044
TOI-4336 A b,TOI-4336 A,2.10208009,3.33,0.08605,22.5455,Neptuniano,1045
TOI-4336 A c,TOI-4336 A,1.251,1.55,0.05092,22.5455,Super-Tierra,1046
TOI-4342 b,TOI-4342,2.289046953333333,7.3,0.052205,61.5204,Neptuniano,1047
TOI-4342 c,TOI-4342,2.409408173333333,4.8,0.0809,61.5204,Neptuniano,1048
TOI-4364 b,TOI-4364,2.051853505,,0.04753,43.9662,Neptuniano,1049
TOI-4438 b,TOI-4438,2.47162148,5.4,0.05225,30.0346,Neptuniano,1050
TOI-444 b,TOI-444,3.03350987,,0.133,57.3973,Neptuniano,1051
TOI-4443.01,TOI-4443,1.71932649,,0.029962645,56.0739,Super-Tierra,1052
TOI-4527.01,TOI-4527,0.90866172,,0.008332353,18.1037,Terrestre,1053
TOI-4529 b,TOI-4529,1.8506991633333327,4.9,,28.384,Super-Tierra,1054
TOI-4552 b,TOI-4552,1.19505619,1.83,0.0056255,27.2684,Terrestre,1055
TOI-4559 b,TOI-4559,1.457496735,,0.0359,31.6354,Super-Tierra,1056
TOI-4602.01,TOI-4602,2.4568395,,0.05099712,63.0637,Neptuniano,1057
TOI-480 b,TOI-480,2.834105815,20.8,0.077,54.5306,Neptuniano,1058
TOI-500 b,TOI-500,1.2283924766666665,1.42,0.012345,47.3924,Terrestre,1059
TOI-500 c,TOI-500,,5.03,,47.3924,Unknown,1060
TOI-500 d,TOI-500,,33.12,,47.3924,Unknown,1061
TOI-500 e,TOI-500,,15.05,,47.3924,Unknown,1062
TOI-5082.01,TOI-5082,2.59556,,0.051204842,43.1406,Neptuniano,1063
TOI-5159 b,TOI-5159,1.58037802,,,55.1788,Super-Tierra,1064
TOI-521 b,TOI-521,1.97265162,5.3,0.0195,60.9425,Super-Tierra,1065
TOI-5319 b,TOI-5319,3.288405,,0.0506,61.171,Neptuniano,1066
TOI-5388.01,TOI-5388,1.59284,2.2,0.024335855,18.5226,Super-Tierra,1067
TOI-540 b,TOI-540,0.93423532,,0.01223,14.0022,Terrestre,1068
TOI-544 b,TOI-544,2.069391356666667,2.89,0.0238,41.1166,Neptuniano,1069
TOI-544 c,TOI-544,,21.5,,41.1166,Unknown,1070
TOI-5489 b,TOI-5489,1.43122869,,,45.0907,Super-Tierra,1071
TOI-5489 c,TOI-5489,1.27919483,,,45.0907,Super-Tierra,1072
TOI-5713 b,TOI-5713,1.81527365,,0.06008,40.8668,Super-Tierra,1073
TOI-5716 b,TOI-5716,0.988837165,,,39.4122,Terrestre,1074
TOI-5720 b,TOI-5720,1.24160952,4.3,0.018288,35.8256,Terrestre,1075
TOI-5728 b,TOI-5728,1.21848035,,,54.7045,Terrestre,1076
TOI-5734 b,TOI-5734,2.422533383333333,9.1,0.0599549999999999,32.5102,Neptuniano,1077
TOI-5789 b,TOI-5789,,2.12,0.03608,20.4581,Unknown,1078
TOI-5789 c,TOI-5789,2.6985200000000003,5.0,0.1009,20.4581,Neptuniano,1079
TOI-5789 d,TOI-5789,,4.29,0.1756,20.4581,Unknown,1080
TOI-5789 e,TOI-5789,,11.61,0.2901,20.4581,Unknown,1081
TOI-5799 b,TOI-5799,1.80103482,,0.034967,27.8123,Super-Tierra,1082
TOI-5799 c,TOI-5799,1.76,,0.0782,27.8123,Super-Tierra,1083
TOI-5800 b,TOI-5800,2.6577005566666667,10.15,0.03445,42.9052,Neptuniano,1084
TOI-6002 b,TOI-6002,1.5994741,,0.05722,32.0266,Super-Tierra,1085
TOI-6008 b,TOI-6008,1.13827392,4.0,0.010777,23.1008,Terrestre,1086
TOI-6086 b,TOI-6086,1.072530935,,0.01541,31.4566,Terrestre,1087
TOI-620 b,TOI-620,3.405169045,,0.04825,33.0231,Neptuniano,1088
TOI-6255 b,TOI-6255,1.02036928,1.44,,20.3167,Terrestre,1089
TOI-6281 b,TOI-6281,2.34900537,,,57.7451,Neptuniano,1090
TOI-6324 b,TOI-6324,1.0485933333333337,1.17,,20.5488,Terrestre,1091
TOI-6478 b,TOI-6478,4.56755,,0.1136,38.6057,Neptuniano,1092
TOI-654.01,TOI-654,2.4531972766666663,8.71,0.020230073,57.7553,Neptuniano,1093
TOI-663 b,TOI-663,2.3506427,4.45,0.0295,64.2308,Neptuniano,1094
TOI-663 c,TOI-663,2.461318755,3.65,0.0437,64.2308,Neptuniano,1095
TOI-663 d,TOI-663,1.9547622,5.2,0.0576,64.2308,Super-Tierra,1096
TOI-6716 b,TOI-6716,0.9961213,,0.0319,18.8873,Terrestre,1097
TOI-674 b,TOI-674,5.260300135,23.6,0.025,46.08509999999999,Neptuniano,1098
TOI-700 b,TOI-700,0.9806822075,,0.0663666666666666,31.1265,Terrestre,1099
TOI-700 c,TOI-700,2.6167302925,,0.0927666666666666,31.1265,Neptuniano,1100
TOI-700 d,TOI-700,1.1841642775,,0.1632,31.1265,Terrestre,1101
TOI-700 e,TOI-700,0.95109289,,0.134,31.1265,Terrestre,1102
TOI-712 b,TOI-712,2.129318895,,0.07928,58.6212,Neptuniano,1103
TOI-712 c,TOI-712,2.578155,,0.2447,58.6212,Neptuniano,1104
TOI-712 d,TOI-712,2.256285,,0.3405,58.6212,Neptuniano,1105
TOI-715 b,TOI-715,1.63226541,,0.083,42.4048,Super-Tierra,1106
TOI-7166 b,TOI-7166,2.166818313333333,,0.056105,35.4153,Neptuniano,1107
TOI-757 b,TOI-757,2.33942,10.5,0.122,60.3418,Neptuniano,1108
TOI-771 b,TOI-771,1.3926956233333332,2.47,0.0207499999999999,25.2788,Super-Tierra,1109
TOI-771 c,TOI-771,,2.87,0.046,25.2788,Unknown,1110
TOI-776 b,TOI-776,1.8055771533333331,4.5,0.06525,27.1701,Super-Tierra,1111
TOI-776 c,TOI-776,2.0556647433333333,6.1,0.10005,27.1701,Neptuniano,1112
TOI-782 b,TOI-782,2.663332625,19.1,0.0578,52.5122,Neptuniano,1113
TOI-784 b,HD 307842,1.886515,9.67,0.038,64.5997,Super-Tierra,1114
TOI-815 b,TOI-815,2.781985,7.6,0.0903,59.7117,Neptuniano,1115
TOI-815 c,TOI-815,2.4019000000000004,23.5,0.193,59.7117,Neptuniano,1116
TOI-824 b,TOI-824,2.939952835,18.467,0.02177,63.9262,Neptuniano,1117
TOI-833 b,TOI-833,1.329515495,,0.0171,41.7148,Super-Tierra,1118
TOI-836 b,TOI-836,1.6982849999999998,4.53,0.0422,27.5024,Super-Tierra,1119
TOI-836.01,TOI-836,2.65244,9.6,0.075,27.502400000000005,Neptuniano,1120
TOI-880 c,TOI-880,4.99725,,0.0635,60.6679,Neptuniano,1121
TOI-880.02,TOI-880,2.5819485833333333,,0.0345454775,60.6679,Neptuniano,1122
TOI-904 b,TOI-904,2.3678065000000004,,0.056,46.0891,Neptuniano,1123
TOI-904 c,TOI-904,2.25391705,,0.312,46.0891,Neptuniano,1124
TOI-912 b,TOI-912,2.091243385,5.1,0.041,26.1072,Neptuniano,1125
TYC 2187-512-1 b,TYC 2187-512-1,,104.88337431,1.22,15.4744,Unknown,1126
Teegarden's Star b,Teegarden's Star,,1.105,0.02555,3.83078,Unknown,1127
Teegarden's Star c,Teegarden's Star,,1.08,0.0448999999999999,3.83078,Unknown,1128
Teegarden's Star d,Teegarden's Star,,0.82,0.0791,3.83078,Unknown,1129
UCAC3 113-933 b,UCAC3 113-933,,6674.396547,6100.0,52.5829,Unknown,1130
UCAC4 328-061594 b,UCAC4 328-061594,,6674.396547,19000.0,39.9089,Unknown,1131
WASP-107 b,WASP-107,10.9826016,34.285416178333335,0.0553666666666666,64.7414,Gigante Gaseoso,1132
WASP-107 c,WASP-107,,113.74664748333332,,64.7414,Unknown,1133
WASP-69 b,WASP-69,11.454451046666668,83.8952,0.0452675,49.9605,Gigante Gaseoso,1134
WASP-80 b,WASP-80,11.006919963333331,174.42224000000002,0.034412,49.7876,Gigante Gaseoso,1135
WD 0806-661 b,WD 0806-661,,2463.113628,2500.0,19.2444,Unknown,1136
WD 1856+534 b,WD 1856+534,10.50184787,3019.3808582,0.020625,24.7359,Gigante Gaseoso,1137
Wolf 1061 b,Wolf 1061,,1.635,0.0365044999999999,4.30592,Unknown,1138
Wolf 1061 c,Wolf 1061,,3.83,0.0866349999999999,4.30592,Unknown,1139
Wolf 1061 d,Wolf 1061,,6.455,0.3369499999999999,4.30592,Unknown,1140
Wolf 1069 b,Wolf 1069,,1.26,0.0672,9.58341,Unknown,1141
Wolf 327 b,Wolf 327,1.36847653,2.53,0.01,28.5321,Super-Tierra,1142
Wolf 503 b,Wolf 503,1.968380075,6.265,0.0570933333333333,44.526,Super-Tierra,1143
YZ Cet b,YZ Cet,,0.7000000000000001,0.0158366666666666,3.71207,Unknown,1144
YZ Cet c,YZ Cet,,0.8999999999999999,0.0168866666666666,3.71207,Unknown,1145
YZ Cet d,YZ Cet,,1.1466666666666667,0.0279166666666666,3.71207,Unknown,1146
alf Ari b,alf Ari,,572.07,1.2,20.21019,Unknown,1147
alf Tau b,alf Tau,,2056.3601,1.46,20.4332,Unknown,1148
bet Pic b,bet Pic,17.647425,3479.179292671429,9.20225,19.7442,Gigante Gaseoso,1149
bet Pic c,bet Pic,,2896.37505199,2.7000000000000006,19.7442,Unknown,1150
bet UMi b,bet UMi,,1938.7,1.4,38.77472,Unknown,1151
eps Eri b,eps Eri,,313.9213235966667,3.442,3.2026,Unknown,1152
eps Ind A b,eps Ind A,,1519.222374085,19.975,3.63857,Unknown,1153
eps Tau b,eps Tau,,2322.4963115825,1.9026666666666667,47.52852,Unknown,1154
gam Cep b,gam Cep,,1344.40799264,2.074666666666667,14.1024,Unknown,1155
gam Lib b,gam Lib,,341.03069314000004,1.2795,47.4017,Unknown,1156
gam Lib c,gam Lib,,1559.11089851,2.244,47.4017,Unknown,1157
gam Psc b,gam Psc,,425.89006538,1.32,41.3107,Unknown,1158
gam1 Leo b,gam1 Leo,,2790.43,1.19,39.8883,Unknown,1159
iot Dra b,iot Dra,,3038.38472791,1.3245,31.32832,Unknown,1160
iot Dra c,iot Dra,,4958.1231492,19.4,31.32832,Unknown,1161
kap And b,kap And,,4197.73,58.0,50.0177,Unknown,1162
kap CrB b,kap CrB,,592.6946845372727,2.700909090909091,30.0651,Unknown,1163
mu Leo b,mu Leo,,762.8,1.1,32.6081,Unknown,1164
nu Oct A b,nu Oct A,,709.8167756333334,1.2553333333333334,21.1999,Unknown,1165
nu Oph b,nu Oph,,7178.07316468,1.8183333333333331,46.2107,Unknown,1166
nu Oph c,nu Oph,,7983.34730235,5.953333333333333,46.2107,Unknown,1167
omi UMa b,omi UMa,,1231.7472569800002,3.7955,54.9149,Unknown,1168
pi Men c,HD 39091,2.045738,4.161018746666667,0.068582,18.2702,Neptuniano,1169
pi Men d,HD 39091,,14.64,0.506,18.2702,Unknown,1170
psi1 Dra B b,psi1 Dra B,,486.2799,4.43,22.7188,Unknown,1171
rho CrB b,rho CrB,,351.00651250833334,0.22694,17.4671,Unknown,1172
rho CrB c,rho CrB,,28.053962804,0.4244,17.4671,Unknown,1173
rho CrB e,rho CrB,,3.75,0.1061,17.4671,Unknown,1174
tau Boo b,tau Boo,,1434.64355002,0.0479975,15.6521,Unknown,1175
tau Cet f,tau Cet,,3.93,1.334,3.60304,Unknown,1176
tau Cet g,tau Cet,,1.75,0.133,3.60304,Unknown,1177
tau Cet h,tau Cet,,1.83,0.243,3.60304,Unknown,1178
ups And b,ups And,,220.927866945,0.0591202075,13.4054,Unknown,1179
ups And c,ups And,,1186.4246499442856,0.8307534285714285,13.4054,Unknown,1180
ups And d,ups And,,1582.2079343500002,2.53647,13.4054,Unknown,1181
ups Leo b,ups Leo,,162.09248757,1.18,52.5973,Unknown,1182
xi Aql b,xi Aql,,716.3016459966666,0.6283333333333333,56.1858,Unknown,1183
